state,year,yield,state_fips
ALABAMA,1924,6.5,1
ALABAMA,1925,7,1
ALABAMA,1926,4.5,1
ALABAMA,1927,6,1
ALABAMA,1928,6,1
ALABAMA,1929,6,1
ALABAMA,1930,5,1
ALABAMA,1931,4.8,1
ALABAMA,1932,6,1
ALABAMA,1933,5.5,1
ALABAMA,1934,6,1
ALABAMA,1935,5.5,1
ALABAMA,1936,6,1
ALABAMA,1937,7,1
ALABAMA,1938,5.5,1
ALABAMA,1939,6.2,1
ALABAMA,1940,6.5,1
ALABAMA,1941,8,1
ALABAMA,1942,8.5,1
ALABAMA,1943,10.5,1
ALABAMA,1944,10,1
ALABAMA,1945,12,1
ALABAMA,1946,17.5,1
ALABAMA,1947,18,1
ALABAMA,1948,21.5,1
ALABAMA,1949,19.1,1
ALABAMA,1950,19,1
ALABAMA,1951,18,1
ALABAMA,1952,19,1
ALABAMA,1953,20.5,1
ALABAMA,1954,12,1
ALABAMA,1955,22,1
ALABAMA,1956,20.5,1
ALABAMA,1957,20,1
ALABAMA,1958,22,1
ALABAMA,1959,22,1
ALABAMA,1960,24,1
ALABAMA,1961,23,1
ALABAMA,1962,20.5,1
ALABAMA,1963,20,1
ALABAMA,1964,22,1
ALABAMA,1965,22,1
ALABAMA,1966,24.5,1
ALABAMA,1967,26.5,1
ALABAMA,1968,22,1
ALABAMA,1969,22.5,1
ALABAMA,1970,23,1
ALABAMA,1971,26,1
ALABAMA,1972,20,1
ALABAMA,1973,21,1
ALABAMA,1974,23,1
ALABAMA,1975,24.5,1
ALABAMA,1976,24,1
ALABAMA,1977,21,1
ALABAMA,1978,21,1
ALABAMA,1979,25,1
ALABAMA,1980,15,1
ALABAMA,1981,23,1
ALABAMA,1982,25,1
ALABAMA,1983,20,1
ALABAMA,1984,21,1
ALABAMA,1985,27,1
ALABAMA,1986,23,1
ALABAMA,1987,18,1
ALABAMA,1988,25,1
ALABAMA,1989,21,1
ALABAMA,1990,17,1
ALABAMA,1991,23,1
ALABAMA,1992,29,1
ALABAMA,1993,24,1
ALABAMA,1994,31,1
ALABAMA,1995,24,1
ALABAMA,1996,34,1
ALABAMA,1997,25,1
ALABAMA,1998,22,1
ALABAMA,1999,16,1
ALABAMA,2000,18,1
ALABAMA,2001,35,1
ALABAMA,2002,24,1
ALABAMA,2003,36,1
ALABAMA,2004,35,1
ALABAMA,2005,33,1
ALABAMA,2006,20,1
ALABAMA,2007,21,1
ALABAMA,2008,35,1
ALABAMA,2009,40,1
ALABAMA,2010,26,1
ALABAMA,2011,33,1
ALABAMA,2012,45,1
ALABAMA,2013,43.5,1
ALABAMA,2014,40,1
ALABAMA,2015,41,1
ALABAMA,2016,32,1
ALABAMA,2017,46,1
ALABAMA,2018,40,1
ALABAMA,2019,36,1
ALABAMA,2020,41,1
ALABAMA,2021,46,1
ALABAMA,2022,41,1
ALABAMA,2023,43,1
ARKANSAS,1924,6.5,5
ARKANSAS,1925,6,5
ARKANSAS,1926,7.5,5
ARKANSAS,1927,12.5,5
ARKANSAS,1928,10,5
ARKANSAS,1929,13,5
ARKANSAS,1930,7.5,5
ARKANSAS,1931,12,5
ARKANSAS,1932,8,5
ARKANSAS,1933,12.5,5
ARKANSAS,1934,8,5
ARKANSAS,1935,11.5,5
ARKANSAS,1936,7.5,5
ARKANSAS,1937,13,5
ARKANSAS,1938,12.5,5
ARKANSAS,1939,12.5,5
ARKANSAS,1940,12,5
ARKANSAS,1941,15,5
ARKANSAS,1942,15,5
ARKANSAS,1943,9.5,5
ARKANSAS,1944,15.5,5
ARKANSAS,1945,16,5
ARKANSAS,1946,18.5,5
ARKANSAS,1947,12,5
ARKANSAS,1948,20,5
ARKANSAS,1949,21,5
ARKANSAS,1950,21.5,5
ARKANSAS,1951,20,5
ARKANSAS,1952,16,5
ARKANSAS,1953,11,5
ARKANSAS,1954,11.5,5
ARKANSAS,1955,18,5
ARKANSAS,1956,18,5
ARKANSAS,1957,22,5
ARKANSAS,1958,23.5,5
ARKANSAS,1959,23,5
ARKANSAS,1960,21,5
ARKANSAS,1961,19,5
ARKANSAS,1962,21.5,5
ARKANSAS,1963,17.5,5
ARKANSAS,1964,20,5
ARKANSAS,1965,21.5,5
ARKANSAS,1966,22.5,5
ARKANSAS,1967,23,5
ARKANSAS,1968,22,5
ARKANSAS,1969,21,5
ARKANSAS,1970,22.5,5
ARKANSAS,1971,21.5,5
ARKANSAS,1972,20,5
ARKANSAS,1972,27.4,5
ARKANSAS,1972,19.2,5
ARKANSAS,1973,24.1,5
ARKANSAS,1973,32,5
ARKANSAS,1973,25,5
ARKANSAS,1974,28,5
ARKANSAS,1974,19.7,5
ARKANSAS,1974,20,5
ARKANSAS,1975,33,5
ARKANSAS,1975,24.6,5
ARKANSAS,1975,25,5
ARKANSAS,1976,18,5
ARKANSAS,1976,19,5
ARKANSAS,1976,32.2,5
ARKANSAS,1977,23,5
ARKANSAS,1977,31.8,5
ARKANSAS,1977,22.3,5
ARKANSAS,1978,24,5
ARKANSAS,1978,24.5,5
ARKANSAS,1978,31,5
ARKANSAS,1979,34,5
ARKANSAS,1979,28,5
ARKANSAS,1979,28,5
ARKANSAS,1980,26,5
ARKANSAS,1980,15,5
ARKANSAS,1980,14,5
ARKANSAS,1981,22,5
ARKANSAS,1981,21,5
ARKANSAS,1981,29,5
ARKANSAS,1982,23,5
ARKANSAS,1982,24,5
ARKANSAS,1982,31,5
ARKANSAS,1983,29,5
ARKANSAS,1983,18.5,5
ARKANSAS,1983,15,5
ARKANSAS,1984,31,5
ARKANSAS,1984,26,5
ARKANSAS,1984,24,5
ARKANSAS,1984,25,5
ARKANSAS,1984,26,5
ARKANSAS,1985,25,5
ARKANSAS,1985,27,5
ARKANSAS,1985,32.6,5
ARKANSAS,1985,24,5
ARKANSAS,1985,26.5,5
ARKANSAS,1986,17.3,5
ARKANSAS,1986,28.5,5
ARKANSAS,1986,20,5
ARKANSAS,1986,21,5
ARKANSAS,1986,20,5
ARKANSAS,1987,23.5,5
ARKANSAS,1987,30.4,5
ARKANSAS,1987,19.5,5
ARKANSAS,1987,21.4,5
ARKANSAS,1987,23,5
ARKANSAS,1988,26,5
ARKANSAS,1988,33,5
ARKANSAS,1988,22.9,5
ARKANSAS,1988,27.7,5
ARKANSAS,1988,21.2,5
ARKANSAS,1989,23.5,5
ARKANSAS,1989,25,5
ARKANSAS,1989,29,5
ARKANSAS,1989,21,5
ARKANSAS,1989,20,5
ARKANSAS,1990,27,5
ARKANSAS,1990,24,5
ARKANSAS,1990,29,5
ARKANSAS,1990,32,5
ARKANSAS,1990,24,5
ARKANSAS,1991,24.6,5
ARKANSAS,1991,28,5
ARKANSAS,1991,25.7,5
ARKANSAS,1991,33.8,5
ARKANSAS,1991,28.8,5
ARKANSAS,1992,34,5
ARKANSAS,1992,37.2,5
ARKANSAS,1992,31,5
ARKANSAS,1992,33,5
ARKANSAS,1992,30.2,5
ARKANSAS,1993,31.7,5
ARKANSAS,1993,26,5
ARKANSAS,1993,23,5
ARKANSAS,1993,23.1,5
ARKANSAS,1993,27.1,5
ARKANSAS,1994,34,5
ARKANSAS,1994,30.9,5
ARKANSAS,1994,37.9,5
ARKANSAS,1994,29.1,5
ARKANSAS,1994,35.5,5
ARKANSAS,1995,27.4,5
ARKANSAS,1995,19.8,5
ARKANSAS,1995,34.6,5
ARKANSAS,1995,26,5
ARKANSAS,1995,21.9,5
ARKANSAS,1996,30.1,5
ARKANSAS,1996,27.8,5
ARKANSAS,1996,37.6,5
ARKANSAS,1996,32.6,5
ARKANSAS,1996,32,5
ARKANSAS,1997,30.5,5
ARKANSAS,1997,30.7,5
ARKANSAS,1997,35.9,5
ARKANSAS,1997,29.6,5
ARKANSAS,1997,24.7,5
ARKANSAS,1998,25.6,5
ARKANSAS,1998,25,5
ARKANSAS,1998,18,5
ARKANSAS,1998,31.4,5
ARKANSAS,1998,22.5,5
ARKANSAS,1999,28,5
ARKANSAS,1999,37,5
ARKANSAS,1999,26,5
ARKANSAS,1999,29,5
ARKANSAS,1999,18,5
ARKANSAS,2000,13,5
ARKANSAS,2000,23,5
ARKANSAS,2000,34,5
ARKANSAS,2000,25.5,5
ARKANSAS,2000,26,5
ARKANSAS,2001,32,5
ARKANSAS,2001,38,5
ARKANSAS,2001,23,5
ARKANSAS,2001,28,5
ARKANSAS,2001,33,5
ARKANSAS,2002,38,5
ARKANSAS,2002,26,5
ARKANSAS,2002,35,5
ARKANSAS,2002,29,5
ARKANSAS,2002,33.5,5
ARKANSAS,2003,39,5
ARKANSAS,2003,42,5
ARKANSAS,2003,32,5
ARKANSAS,2003,38.5,5
ARKANSAS,2003,37,5
ARKANSAS,2004,39,5
ARKANSAS,2004,36,5
ARKANSAS,2004,42,5
ARKANSAS,2004,40,5
ARKANSAS,2004,34,5
ARKANSAS,2005,31,5
ARKANSAS,2005,34,5
ARKANSAS,2005,39,5
ARKANSAS,2005,25,5
ARKANSAS,2005,34,5
ARKANSAS,2006,32,5
ARKANSAS,2006,35,5
ARKANSAS,2006,39,5
ARKANSAS,2006,24,5
ARKANSAS,2006,35,5
ARKANSAS,2007,40,5
ARKANSAS,2007,37,5
ARKANSAS,2007,23,5
ARKANSAS,2007,33,5
ARKANSAS,2007,36,5
ARKANSAS,2008,41,5
ARKANSAS,2008,34,5
ARKANSAS,2008,38,5
ARKANSAS,2008,39,5
ARKANSAS,2008,29,5
ARKANSAS,2009,39,5
ARKANSAS,2009,32.5,5
ARKANSAS,2009,37.5,5
ARKANSAS,2010,35,5
ARKANSAS,2010,22,5
ARKANSAS,2010,39.5,5
ARKANSAS,2011,24,5
ARKANSAS,2011,38.5,5
ARKANSAS,2011,42.2,5
ARKANSAS,2012,24.3,5
ARKANSAS,2012,48.3,5
ARKANSAS,2012,43.5,5
ARKANSAS,2013,30.1,5
ARKANSAS,2013,43.5,5
ARKANSAS,2013,46.4,5
ARKANSAS,2014,51.9,5
ARKANSAS,2014,38.6,5
ARKANSAS,2014,49.5,5
ARKANSAS,2015,35.2,5
ARKANSAS,2015,51.4,5
ARKANSAS,2015,49,5
ARKANSAS,2016,50,5
ARKANSAS,2016,33.3,5
ARKANSAS,2016,47,5
ARKANSAS,2017,40.8,5
ARKANSAS,2017,52.9,5
ARKANSAS,2017,51,5
ARKANSAS,2018,50.5,5
ARKANSAS,2018,35.9,5
ARKANSAS,2018,53.2,5
ARKANSAS,2019,49,5
ARKANSAS,2020,51.5,5
ARKANSAS,2021,52,5
ARKANSAS,2022,52,5
ARKANSAS,2023,54,5
DELAWARE,1924,11,10
DELAWARE,1925,15,10
DELAWARE,1926,14,10
DELAWARE,1927,16,10
DELAWARE,1928,17,10
DELAWARE,1929,14,10
DELAWARE,1930,6,10
DELAWARE,1931,14,10
DELAWARE,1932,10,10
DELAWARE,1933,14,10
DELAWARE,1934,16.5,10
DELAWARE,1935,13,10
DELAWARE,1936,12,10
DELAWARE,1937,15,10
DELAWARE,1938,15,10
DELAWARE,1939,13,10
DELAWARE,1940,12,10
DELAWARE,1941,11.5,10
DELAWARE,1942,16,10
DELAWARE,1943,8.5,10
DELAWARE,1944,9,10
DELAWARE,1945,14,10
DELAWARE,1946,15.5,10
DELAWARE,1947,13,10
DELAWARE,1948,12.5,10
DELAWARE,1949,14.5,10
DELAWARE,1950,14,10
DELAWARE,1951,14.5,10
DELAWARE,1952,17,10
DELAWARE,1953,17,10
DELAWARE,1954,18.5,10
DELAWARE,1955,20,10
DELAWARE,1956,24,10
DELAWARE,1957,17.5,10
DELAWARE,1958,23,10
DELAWARE,1959,23,10
DELAWARE,1960,24,10
DELAWARE,1961,24,10
DELAWARE,1962,19,10
DELAWARE,1963,18,10
DELAWARE,1964,12,10
DELAWARE,1965,25,10
DELAWARE,1966,12,10
DELAWARE,1967,26,10
DELAWARE,1968,19,10
DELAWARE,1969,29,10
DELAWARE,1970,21,10
DELAWARE,1971,28,10
DELAWARE,1972,25,10
DELAWARE,1973,28,10
DELAWARE,1974,26,10
DELAWARE,1975,25,10
DELAWARE,1975,25,10
DELAWARE,1976,24,10
DELAWARE,1976,24,10
DELAWARE,1977,24,10
DELAWARE,1978,29,10
DELAWARE,1979,30,10
DELAWARE,1980,20,10
DELAWARE,1981,27,10
DELAWARE,1982,24,10
DELAWARE,1983,29,10
DELAWARE,1984,24,10
DELAWARE,1985,30,10
DELAWARE,1986,24,10
DELAWARE,1987,18,10
DELAWARE,1988,27,10
DELAWARE,1989,29,10
DELAWARE,1990,34,10
DELAWARE,1991,35,10
DELAWARE,1992,32,10
DELAWARE,1993,23,10
DELAWARE,1994,36.5,10
DELAWARE,1995,20,10
DELAWARE,1996,35,10
DELAWARE,1997,29,10
DELAWARE,1998,33,10
DELAWARE,1999,27,10
DELAWARE,2000,43,10
DELAWARE,2001,39,10
DELAWARE,2002,25,10
DELAWARE,2003,36,10
DELAWARE,2004,42.5,10
DELAWARE,2005,26,10
DELAWARE,2006,31.5,10
DELAWARE,2007,26,10
DELAWARE,2008,27.5,10
DELAWARE,2009,42,10
DELAWARE,2010,32,10
DELAWARE,2011,39.5,10
DELAWARE,2012,42.5,10
DELAWARE,2013,40.5,10
DELAWARE,2014,47.5,10
DELAWARE,2015,40,10
DELAWARE,2015,36.7,10
DELAWARE,2015,48.5,10
DELAWARE,2016,41.5,10
DELAWARE,2016,37.5,10
DELAWARE,2016,51.4,10
DELAWARE,2017,56.3,10
DELAWARE,2017,51,10
DELAWARE,2017,48.9,10
DELAWARE,2018,41.5,10
DELAWARE,2018,48.4,10
DELAWARE,2018,38.2,10
DELAWARE,2019,43.3,10
DELAWARE,2019,47,10
DELAWARE,2019,54.9,10
DELAWARE,2020,45.1,10
DELAWARE,2020,49,10
DELAWARE,2020,57.5,10
DELAWARE,2021,58.6,10
DELAWARE,2021,51,10
DELAWARE,2021,47.2,10
DELAWARE,2022,47.3,10
DELAWARE,2022,43,10
DELAWARE,2022,40.6,10
DELAWARE,2023,49.3,10
DELAWARE,2023,46,10
DELAWARE,2023,44,10
FLORIDA,1949,20,12
FLORIDA,1950,19,12
FLORIDA,1951,18,12
FLORIDA,1952,20,12
FLORIDA,1953,18,12
FLORIDA,1954,12,12
FLORIDA,1955,22,12
FLORIDA,1956,22,12
FLORIDA,1957,23,12
FLORIDA,1958,26,12
FLORIDA,1959,24,12
FLORIDA,1960,26,12
FLORIDA,1961,26,12
FLORIDA,1962,25,12
FLORIDA,1963,25,12
FLORIDA,1964,25,12
FLORIDA,1965,26,12
FLORIDA,1966,27,12
FLORIDA,1967,28,12
FLORIDA,1968,24,12
FLORIDA,1969,25,12
FLORIDA,1970,28,12
FLORIDA,1971,28,12
FLORIDA,1972,21,12
FLORIDA,1973,24,12
FLORIDA,1974,26,12
FLORIDA,1975,24,12
FLORIDA,1976,26,12
FLORIDA,1977,25,12
FLORIDA,1978,25,12
FLORIDA,1979,29,12
FLORIDA,1980,22,12
FLORIDA,1981,24,12
FLORIDA,1982,26,12
FLORIDA,1983,25,12
FLORIDA,1984,24,12
FLORIDA,1985,26,12
FLORIDA,1986,23,12
FLORIDA,1987,25,12
FLORIDA,1988,29,12
FLORIDA,1989,22,12
FLORIDA,1990,19,12
FLORIDA,1991,27,12
FLORIDA,1992,30,12
FLORIDA,1993,25,12
FLORIDA,1994,31,12
FLORIDA,1995,26,12
FLORIDA,1996,32,12
FLORIDA,1997,25,12
FLORIDA,1998,23,12
FLORIDA,1999,32,12
FLORIDA,2000,19,12
FLORIDA,2001,29,12
FLORIDA,2002,33,12
FLORIDA,2003,30,12
FLORIDA,2004,34,12
FLORIDA,2005,32,12
FLORIDA,2006,27,12
FLORIDA,2007,24,12
FLORIDA,2008,38,12
FLORIDA,2009,38,12
FLORIDA,2010,30,12
FLORIDA,2011,27,12
FLORIDA,2012,39,12
FLORIDA,2013,41,12
FLORIDA,2014,43,12
FLORIDA,2015,38,12
FLORIDA,2016,36,12
FLORIDA,2017,34,12
FLORIDA,2018,37,12
GEORGIA,1924,5.5,13
GEORGIA,1925,6.5,13
GEORGIA,1926,6,13
GEORGIA,1927,6.3,13
GEORGIA,1928,6.5,13
GEORGIA,1929,5.5,13
GEORGIA,1930,5.5,13
GEORGIA,1931,5.2,13
GEORGIA,1932,6,13
GEORGIA,1933,5,13
GEORGIA,1934,6,13
GEORGIA,1935,6,13
GEORGIA,1936,5.5,13
GEORGIA,1937,6,13
GEORGIA,1938,5.5,13
GEORGIA,1939,5,13
GEORGIA,1940,7,13
GEORGIA,1941,6.5,13
GEORGIA,1942,7.5,13
GEORGIA,1943,6.5,13
GEORGIA,1944,6,13
GEORGIA,1945,9,13
GEORGIA,1946,8.5,13
GEORGIA,1947,9,13
GEORGIA,1948,9.5,13
GEORGIA,1949,10.5,13
GEORGIA,1950,11,13
GEORGIA,1951,10.5,13
GEORGIA,1952,10.5,13
GEORGIA,1953,13,13
GEORGIA,1954,6.5,13
GEORGIA,1955,13,13
GEORGIA,1956,14,13
GEORGIA,1957,14.5,13
GEORGIA,1958,13,13
GEORGIA,1959,17,13
GEORGIA,1960,17,13
GEORGIA,1961,17,13
GEORGIA,1962,16,13
GEORGIA,1963,16.5,13
GEORGIA,1964,20,13
GEORGIA,1965,20.5,13
GEORGIA,1966,23,13
GEORGIA,1967,25,13
GEORGIA,1968,16,13
GEORGIA,1969,25.5,13
GEORGIA,1970,23,13
GEORGIA,1971,25.5,13
GEORGIA,1972,15,13
GEORGIA,1973,21,13
GEORGIA,1974,24.5,13
GEORGIA,1975,25.5,13
GEORGIA,1976,23.5,13
GEORGIA,1977,20,13
GEORGIA,1978,17.5,13
GEORGIA,1979,28,13
GEORGIA,1980,12,13
GEORGIA,1981,19,13
GEORGIA,1982,27,13
GEORGIA,1983,21,13
GEORGIA,1984,20,13
GEORGIA,1985,24,13
GEORGIA,1986,19,13
GEORGIA,1987,21,13
GEORGIA,1988,25,13
GEORGIA,1989,26,13
GEORGIA,1990,14,13
GEORGIA,1991,27,13
GEORGIA,1992,29,13
GEORGIA,1993,17,13
GEORGIA,1994,31,13
GEORGIA,1995,27,13
GEORGIA,1996,26,13
GEORGIA,1997,21,13
GEORGIA,1998,21,13
GEORGIA,1999,19,13
GEORGIA,2000,24,13
GEORGIA,2001,26,13
GEORGIA,2002,23,13
GEORGIA,2003,34,13
GEORGIA,2004,31,13
GEORGIA,2005,26,13
GEORGIA,2006,25,13
GEORGIA,2007,30,13
GEORGIA,2008,31,13
GEORGIA,2009,36,13
GEORGIA,2010,26,13
GEORGIA,2011,22,13
GEORGIA,2012,37.5,13
GEORGIA,2013,40.5,13
GEORGIA,2014,40,13
GEORGIA,2015,43,13
GEORGIA,2016,30,13
GEORGIA,2017,42,13
GEORGIA,2018,39.5,13
GEORGIA,2019,29,13
GEORGIA,2020,41,13
GEORGIA,2021,46,13
GEORGIA,2022,41,13
GEORGIA,2023,43,13
ILLINOIS,1924,12,17
ILLINOIS,1925,13.5,17
ILLINOIS,1926,12.5,17
ILLINOIS,1927,13,17
ILLINOIS,1928,16.5,17
ILLINOIS,1929,17,17
ILLINOIS,1930,17,17
ILLINOIS,1931,18,17
ILLINOIS,1932,20,17
ILLINOIS,1933,15,17
ILLINOIS,1934,19,17
ILLINOIS,1935,18.5,17
ILLINOIS,1936,16,17
ILLINOIS,1937,20,17
ILLINOIS,1938,23.5,17
ILLINOIS,1939,24.5,17
ILLINOIS,1940,17.5,17
ILLINOIS,1941,21.5,17
ILLINOIS,1942,21,17
ILLINOIS,1943,21,17
ILLINOIS,1944,21.4,17
ILLINOIS,1945,20,17
ILLINOIS,1946,23.5,17
ILLINOIS,1947,18,17
ILLINOIS,1948,24,17
ILLINOIS,1949,25.5,17
ILLINOIS,1950,24,17
ILLINOIS,1951,25.5,17
ILLINOIS,1952,24,17
ILLINOIS,1953,20.5,17
ILLINOIS,1954,21.5,17
ILLINOIS,1955,23,17
ILLINOIS,1956,28.5,17
ILLINOIS,1957,25.5,17
ILLINOIS,1958,28,17
ILLINOIS,1959,26,17
ILLINOIS,1960,26,17
ILLINOIS,1961,28.5,17
ILLINOIS,1962,28.5,17
ILLINOIS,1963,29.5,17
ILLINOIS,1964,25,17
ILLINOIS,1965,29.5,17
ILLINOIS,1966,27,17
ILLINOIS,1967,31,17
ILLINOIS,1968,31.5,17
ILLINOIS,1969,34,17
ILLINOIS,1970,31,17
ILLINOIS,1971,33,17
ILLINOIS,1972,34.5,17
ILLINOIS,1973,31.5,17
ILLINOIS,1974,24.5,17
ILLINOIS,1975,36,17
ILLINOIS,1976,33,17
ILLINOIS,1977,38,17
ILLINOIS,1978,33.5,17
ILLINOIS,1979,39,17
ILLINOIS,1980,33.5,17
ILLINOIS,1981,38,17
ILLINOIS,1982,38.5,17
ILLINOIS,1983,29.5,17
ILLINOIS,1984,31.5,17
ILLINOIS,1985,42.5,17
ILLINOIS,1986,40,17
ILLINOIS,1987,38,17
ILLINOIS,1988,27,17
ILLINOIS,1989,40,17
ILLINOIS,1990,39,17
ILLINOIS,1991,37.5,17
ILLINOIS,1992,43,17
ILLINOIS,1993,43,17
ILLINOIS,1994,45.5,17
ILLINOIS,1995,39,17
ILLINOIS,1996,40.5,17
ILLINOIS,1997,43,17
ILLINOIS,1998,44,17
ILLINOIS,1999,42,17
ILLINOIS,2000,44,17
ILLINOIS,2001,45,17
ILLINOIS,2002,43,17
ILLINOIS,2003,37,17
ILLINOIS,2004,50,17
ILLINOIS,2005,46.5,17
ILLINOIS,2006,48,17
ILLINOIS,2007,43.5,17
ILLINOIS,2008,47,17
ILLINOIS,2009,46,17
ILLINOIS,2010,51.5,17
ILLINOIS,2011,47.5,17
ILLINOIS,2012,43,17
ILLINOIS,2013,50,17
ILLINOIS,2014,56,17
ILLINOIS,2015,56,17
ILLINOIS,2016,59,17
ILLINOIS,2017,58,17
ILLINOIS,2018,63.5,17
ILLINOIS,2019,54,17
ILLINOIS,2020,60,17
ILLINOIS,2021,65,17
ILLINOIS,2022,63,17
ILLINOIS,2023,63,17
INDIANA,1924,9.9,18
INDIANA,1925,10,18
INDIANA,1926,12.6,18
INDIANA,1927,13,18
INDIANA,1928,14.5,18
INDIANA,1929,15,18
INDIANA,1930,14,18
INDIANA,1931,17.8,18
INDIANA,1932,16,18
INDIANA,1933,15,18
INDIANA,1934,16,18
INDIANA,1935,17,18
INDIANA,1936,14,18
INDIANA,1937,17,18
INDIANA,1938,20,18
INDIANA,1939,19,18
INDIANA,1940,13,18
INDIANA,1941,17,18
INDIANA,1942,20,18
INDIANA,1943,18.5,18
INDIANA,1944,17.2,18
INDIANA,1945,19.5,18
INDIANA,1946,19,18
INDIANA,1947,18.5,18
INDIANA,1948,22,18
INDIANA,1949,23.5,18
INDIANA,1950,22.5,18
INDIANA,1951,22.5,18
INDIANA,1952,23.5,18
INDIANA,1953,21,18
INDIANA,1954,24,18
INDIANA,1955,21.5,18
INDIANA,1956,24,18
INDIANA,1957,24.5,18
INDIANA,1958,27,18
INDIANA,1959,26,18
INDIANA,1960,27,18
INDIANA,1961,28,18
INDIANA,1962,28,18
INDIANA,1963,27.5,18
INDIANA,1964,24.5,18
INDIANA,1965,28,18
INDIANA,1966,26,18
INDIANA,1967,24.5,18
INDIANA,1968,32,18
INDIANA,1969,32,18
INDIANA,1970,31,18
INDIANA,1971,33,18
INDIANA,1972,29.5,18
INDIANA,1973,31.5,18
INDIANA,1974,25,18
INDIANA,1975,33.5,18
INDIANA,1976,34,18
INDIANA,1977,37,18
INDIANA,1978,34.5,18
INDIANA,1979,36,18
INDIANA,1980,36,18
INDIANA,1981,33,18
INDIANA,1982,38.5,18
INDIANA,1983,31,18
INDIANA,1984,34.5,18
INDIANA,1985,41.5,18
INDIANA,1986,37,18
INDIANA,1987,40,18
INDIANA,1988,27.5,18
INDIANA,1989,36.5,18
INDIANA,1990,41,18
INDIANA,1991,39,18
INDIANA,1992,43,18
INDIANA,1993,46,18
INDIANA,1994,47,18
INDIANA,1995,39.5,18
INDIANA,1996,38,18
INDIANA,1997,43.5,18
INDIANA,1998,42,18
INDIANA,1999,39,18
INDIANA,2000,46,18
INDIANA,2001,49,18
INDIANA,2002,41.5,18
INDIANA,2003,38,18
INDIANA,2004,51.5,18
INDIANA,2005,49,18
INDIANA,2006,50,18
INDIANA,2007,46,18
INDIANA,2008,45,18
INDIANA,2009,49,18
INDIANA,2010,48.5,18
INDIANA,2011,45.5,18
INDIANA,2012,44,18
INDIANA,2013,51.5,18
INDIANA,2014,55.5,18
INDIANA,2015,50,18
INDIANA,2016,57.5,18
INDIANA,2017,54,18
INDIANA,2018,57.5,18
INDIANA,2019,51,18
INDIANA,2020,59,18
INDIANA,2021,60,18
INDIANA,2022,57.5,18
INDIANA,2023,61,18
IOWA,1924,12,19
IOWA,1925,14,19
IOWA,1926,15,19
IOWA,1927,12,19
IOWA,1928,17,19
IOWA,1929,16,19
IOWA,1930,15.5,19
IOWA,1931,15.5,19
IOWA,1932,18,19
IOWA,1933,17,19
IOWA,1934,11.5,19
IOWA,1935,16.5,19
IOWA,1936,14,19
IOWA,1937,18.5,19
IOWA,1938,21,19
IOWA,1939,20.7,19
IOWA,1940,20,19
IOWA,1941,17,19
IOWA,1942,19.5,19
IOWA,1943,19.5,19
IOWA,1944,20.3,19
IOWA,1945,18.5,19
IOWA,1946,23,19
IOWA,1947,15.5,19
IOWA,1948,22.5,19
IOWA,1949,23,19
IOWA,1950,22,19
IOWA,1951,20.5,19
IOWA,1952,25.5,19
IOWA,1953,21.5,19
IOWA,1954,26.5,19
IOWA,1955,20,19
IOWA,1956,20,19
IOWA,1957,27,19
IOWA,1958,25.5,19
IOWA,1959,26.5,19
IOWA,1960,25.5,19
IOWA,1961,28.5,19
IOWA,1962,27.5,19
IOWA,1963,30.5,19
IOWA,1964,28.5,19
IOWA,1965,26,19
IOWA,1966,29.5,19
IOWA,1967,27.5,19
IOWA,1968,32,19
IOWA,1969,32.5,19
IOWA,1970,32.5,19
IOWA,1971,32.5,19
IOWA,1972,36,19
IOWA,1973,34,19
IOWA,1974,28,19
IOWA,1975,34,19
IOWA,1976,31,19
IOWA,1977,35.5,19
IOWA,1978,37.5,19
IOWA,1979,37.5,19
IOWA,1980,38.5,19
IOWA,1981,40,19
IOWA,1982,36.5,19
IOWA,1983,35,19
IOWA,1984,31.5,19
IOWA,1985,38,19
IOWA,1986,41.5,19
IOWA,1987,43.5,19
IOWA,1988,31,19
IOWA,1989,39,19
IOWA,1990,41.5,19
IOWA,1991,40.5,19
IOWA,1992,44,19
IOWA,1993,31,19
IOWA,1994,50.5,19
IOWA,1995,44,19
IOWA,1996,44,19
IOWA,1997,46,19
IOWA,1998,48,19
IOWA,1999,44.5,19
IOWA,2000,43.5,19
IOWA,2001,44,19
IOWA,2002,48,19
IOWA,2003,32.5,19
IOWA,2004,49,19
IOWA,2005,52.5,19
IOWA,2006,50.5,19
IOWA,2007,52,19
IOWA,2008,46.5,19
IOWA,2009,51,19
IOWA,2010,51,19
IOWA,2011,51.5,19
IOWA,2012,45,19
IOWA,2013,45.5,19
IOWA,2014,51,19
IOWA,2015,56.5,19
IOWA,2016,60,19
IOWA,2017,57,19
IOWA,2018,56,19
IOWA,2019,55,19
IOWA,2020,54,19
IOWA,2021,63,19
IOWA,2022,58.5,19
IOWA,2023,58,19
KANSAS,1924,11,20
KANSAS,1925,10,20
KANSAS,1926,10,20
KANSAS,1927,12,20
KANSAS,1928,11,20
KANSAS,1929,9,20
KANSAS,1930,7.5,20
KANSAS,1931,9,20
KANSAS,1932,7.3,20
KANSAS,1933,8.5,20
KANSAS,1934,5,20
KANSAS,1935,6.5,20
KANSAS,1936,4,20
KANSAS,1937,8,20
KANSAS,1938,10.5,20
KANSAS,1939,8,20
KANSAS,1940,12,20
KANSAS,1941,11.5,20
KANSAS,1942,11.5,20
KANSAS,1943,9.5,20
KANSAS,1944,13.7,20
KANSAS,1945,10,20
KANSAS,1946,11,20
KANSAS,1947,8.5,20
KANSAS,1948,15,20
KANSAS,1949,14.5,20
KANSAS,1950,18,20
KANSAS,1951,14.5,20
KANSAS,1952,11.5,20
KANSAS,1953,7,20
KANSAS,1954,7,20
KANSAS,1955,10,20
KANSAS,1956,8.5,20
KANSAS,1957,11.5,20
KANSAS,1958,22,20
KANSAS,1959,21,20
KANSAS,1960,21.5,20
KANSAS,1961,21.5,20
KANSAS,1962,17.5,20
KANSAS,1963,14.5,20
KANSAS,1964,18,20
KANSAS,1965,21,20
KANSAS,1966,22.5,20
KANSAS,1967,22.5,20
KANSAS,1968,25,20
KANSAS,1969,23,20
KANSAS,1970,15,20
KANSAS,1971,20.5,20
KANSAS,1972,28,20
KANSAS,1973,22,20
KANSAS,1974,20,20
KANSAS,1975,21,20
KANSAS,1976,15,20
KANSAS,1977,28.5,20
KANSAS,1978,18,20
KANSAS,1979,26.5,20
KANSAS,1980,16.5,20
KANSAS,1981,30,20
KANSAS,1982,26,20
KANSAS,1983,16,20
KANSAS,1984,39.3,20
KANSAS,1984,17.5,20
KANSAS,1984,12.5,20
KANSAS,1985,31,20
KANSAS,1985,29,20
KANSAS,1985,40,20
KANSAS,1986,32,20
KANSAS,1986,33.5,20
KANSAS,1986,42,20
KANSAS,1987,32,20
KANSAS,1987,31,20
KANSAS,1987,43,20
KANSAS,1988,40,20
KANSAS,1988,20,20
KANSAS,1988,23,20
KANSAS,1989,41,20
KANSAS,1989,25,20
KANSAS,1989,27,20
KANSAS,1990,21,20
KANSAS,1990,43,20
KANSAS,1990,24,20
KANSAS,1991,19,20
KANSAS,1991,49,20
KANSAS,1991,23,20
KANSAS,1992,36,20
KANSAS,1992,46,20
KANSAS,1992,37,20
KANSAS,1993,28,20
KANSAS,1993,43,20
KANSAS,1993,26,20
KANSAS,1994,50,20
KANSAS,1994,35,20
KANSAS,1994,33,20
KANSAS,1995,23,20
KANSAS,1995,43,20
KANSAS,1995,25,20
KANSAS,1996,37,20
KANSAS,1996,48,20
KANSAS,1996,36,20
KANSAS,1997,35,20
KANSAS,1997,53,20
KANSAS,1997,37,20
KANSAS,1998,51,20
KANSAS,1998,30,20
KANSAS,1998,27,20
KANSAS,1999,29,20
KANSAS,1999,52,20
KANSAS,1999,26,20
KANSAS,2000,45,20
KANSAS,2000,16,20
KANSAS,2000,20,20
KANSAS,2001,52,20
KANSAS,2001,29,20
KANSAS,2001,32,20
KANSAS,2002,23,20
KANSAS,2002,19,20
KANSAS,2002,45,20
KANSAS,2003,19,20
KANSAS,2003,23,20
KANSAS,2003,49,20
KANSAS,2004,41,20
KANSAS,2004,54,20
KANSAS,2004,38,20
KANSAS,2005,54,20
KANSAS,2005,37,20
KANSAS,2005,34,20
KANSAS,2006,32,20
KANSAS,2006,54,20
KANSAS,2006,28,20
KANSAS,2007,31,20
KANSAS,2007,51,20
KANSAS,2007,33,20
KANSAS,2008,50,20
KANSAS,2008,35,20
KANSAS,2008,37,20
KANSAS,2009,59.5,20
KANSAS,2009,42.5,20
KANSAS,2009,44.5,20
KANSAS,2010,33,20
KANSAS,2011,27.5,20
KANSAS,2012,23,20
KANSAS,2013,37,20
KANSAS,2014,54.5,20
KANSAS,2014,35.5,20
KANSAS,2014,33.3,20
KANSAS,2015,58.9,20
KANSAS,2015,36.1,20
KANSAS,2015,38.5,20
KANSAS,2016,60.3,20
KANSAS,2016,48,20
KANSAS,2016,46.7,20
KANSAS,2017,37.5,20
KANSAS,2018,43,20
KANSAS,2019,41.5,20
KANSAS,2020,41,20
KANSAS,2021,40,20
KANSAS,2022,27.5,20
KANSAS,2023,26,20
KENTUCKY,1924,9.5,21
KENTUCKY,1925,8.5,21
KENTUCKY,1926,9,21
KENTUCKY,1927,9,21
KENTUCKY,1928,10,21
KENTUCKY,1929,10.5,21
KENTUCKY,1930,7.5,21
KENTUCKY,1931,12,21
KENTUCKY,1932,11.5,21
KENTUCKY,1933,10,21
KENTUCKY,1934,10.5,21
KENTUCKY,1935,10,21
KENTUCKY,1936,9.5,21
KENTUCKY,1937,12,21
KENTUCKY,1938,12,21
KENTUCKY,1939,13,21
KENTUCKY,1940,13,21
KENTUCKY,1941,14,21
KENTUCKY,1942,14.5,21
KENTUCKY,1943,12,21
KENTUCKY,1944,15,21
KENTUCKY,1945,16,21
KENTUCKY,1946,18,21
KENTUCKY,1947,17.5,21
KENTUCKY,1948,19,21
KENTUCKY,1949,18,21
KENTUCKY,1950,17.5,21
KENTUCKY,1951,19,21
KENTUCKY,1952,15.5,21
KENTUCKY,1953,13.5,21
KENTUCKY,1954,16.5,21
KENTUCKY,1955,18,21
KENTUCKY,1956,22,21
KENTUCKY,1957,20,21
KENTUCKY,1958,23.5,21
KENTUCKY,1959,22.5,21
KENTUCKY,1960,22,21
KENTUCKY,1961,25,21
KENTUCKY,1962,24,21
KENTUCKY,1963,24.5,21
KENTUCKY,1964,22.5,21
KENTUCKY,1965,24,21
KENTUCKY,1966,25,21
KENTUCKY,1967,28,21
KENTUCKY,1968,26.5,21
KENTUCKY,1969,28,21
KENTUCKY,1970,27,21
KENTUCKY,1971,29.5,21
KENTUCKY,1972,27,21
KENTUCKY,1973,26,21
KENTUCKY,1974,24.5,21
KENTUCKY,1975,27,21
KENTUCKY,1976,27,21
KENTUCKY,1977,31,21
KENTUCKY,1978,30,21
KENTUCKY,1979,32.5,21
KENTUCKY,1980,22.5,21
KENTUCKY,1981,29,21
KENTUCKY,1982,31.5,21
KENTUCKY,1983,17,21
KENTUCKY,1984,29,21
KENTUCKY,1985,34,21
KENTUCKY,1986,32,21
KENTUCKY,1987,26.5,21
KENTUCKY,1988,26.5,21
KENTUCKY,1989,31.5,21
KENTUCKY,1990,32,21
KENTUCKY,1991,32.5,21
KENTUCKY,1992,38,21
KENTUCKY,1993,33,21
KENTUCKY,1994,37.5,21
KENTUCKY,1995,36,21
KENTUCKY,1996,38,21
KENTUCKY,1997,34.5,21
KENTUCKY,1998,30,21
KENTUCKY,1999,21,21
KENTUCKY,2000,39,21
KENTUCKY,2001,40,21
KENTUCKY,2002,33,21
KENTUCKY,2003,43.5,21
KENTUCKY,2004,44,21
KENTUCKY,2005,43,21
KENTUCKY,2006,44,21
KENTUCKY,2007,27.5,21
KENTUCKY,2008,34.5,21
KENTUCKY,2009,48,21
KENTUCKY,2010,34,21
KENTUCKY,2011,39,21
KENTUCKY,2012,40,21
KENTUCKY,2013,50,21
KENTUCKY,2014,47.5,21
KENTUCKY,2015,49,21
KENTUCKY,2016,50,21
KENTUCKY,2017,53,21
KENTUCKY,2018,51,21
KENTUCKY,2019,46,21
KENTUCKY,2020,55,21
KENTUCKY,2021,56,21
KENTUCKY,2022,51,21
KENTUCKY,2023,55,21
LOUISIANA,1924,8,22
LOUISIANA,1925,10,22
LOUISIANA,1926,8.5,22
LOUISIANA,1927,9,22
LOUISIANA,1928,7.5,22
LOUISIANA,1929,10.5,22
LOUISIANA,1930,10.5,22
LOUISIANA,1931,11,22
LOUISIANA,1932,11,22
LOUISIANA,1933,12,22
LOUISIANA,1934,11,22
LOUISIANA,1935,12.5,22
LOUISIANA,1936,13,22
LOUISIANA,1937,12,22
LOUISIANA,1938,12,22
LOUISIANA,1939,13.5,22
LOUISIANA,1940,13.5,22
LOUISIANA,1941,11.5,22
LOUISIANA,1942,12.5,22
LOUISIANA,1943,11.5,22
LOUISIANA,1944,12,22
LOUISIANA,1945,14,22
LOUISIANA,1946,13,22
LOUISIANA,1947,12.5,22
LOUISIANA,1948,14,22
LOUISIANA,1949,15,22
LOUISIANA,1950,18,22
LOUISIANA,1951,18,22
LOUISIANA,1952,15,22
LOUISIANA,1953,17,22
LOUISIANA,1954,17,22
LOUISIANA,1955,22,22
LOUISIANA,1956,17,22
LOUISIANA,1957,21,22
LOUISIANA,1958,22,22
LOUISIANA,1959,23.5,22
LOUISIANA,1960,24,22
LOUISIANA,1961,24,22
LOUISIANA,1962,22,22
LOUISIANA,1963,22,22
LOUISIANA,1964,20,22
LOUISIANA,1965,21.5,22
LOUISIANA,1966,25,22
LOUISIANA,1967,23,22
LOUISIANA,1968,27,22
LOUISIANA,1969,20.5,22
LOUISIANA,1970,24,22
LOUISIANA,1971,24,22
LOUISIANA,1972,23.5,22
LOUISIANA,1973,22.5,22
LOUISIANA,1974,26.5,22
LOUISIANA,1975,25,22
LOUISIANA,1976,28,22
LOUISIANA,1977,23.5,22
LOUISIANA,1978,25,22
LOUISIANA,1979,28,22
LOUISIANA,1980,20,22
LOUISIANA,1981,21,22
LOUISIANA,1982,26,22
LOUISIANA,1983,26,22
LOUISIANA,1984,27.5,22
LOUISIANA,1985,21,22
LOUISIANA,1986,20,22
LOUISIANA,1987,25,22
LOUISIANA,1988,29,22
LOUISIANA,1989,22,22
LOUISIANA,1990,24,22
LOUISIANA,1991,29,22
LOUISIANA,1992,30,22
LOUISIANA,1993,24,22
LOUISIANA,1994,28.5,22
LOUISIANA,1995,25,22
LOUISIANA,1996,33,22
LOUISIANA,1997,29,22
LOUISIANA,1998,21,22
LOUISIANA,1999,27,22
LOUISIANA,2000,24,22
LOUISIANA,2001,33,22
LOUISIANA,2002,32,22
LOUISIANA,2003,34,22
LOUISIANA,2004,33,22
LOUISIANA,2005,34,22
LOUISIANA,2006,36,22
LOUISIANA,2007,43,22
LOUISIANA,2008,33,22
LOUISIANA,2009,39,22
LOUISIANA,2010,41,22
LOUISIANA,2011,36,22
LOUISIANA,2012,46.5,22
LOUISIANA,2013,48.5,22
LOUISIANA,2014,56.5,22
LOUISIANA,2015,41,22
LOUISIANA,2016,48.5,22
LOUISIANA,2017,54,22
LOUISIANA,2018,51.5,22
LOUISIANA,2019,48,22
LOUISIANA,2020,53,22
LOUISIANA,2021,52,22
LOUISIANA,2022,47,22
LOUISIANA,2023,40,22
MARYLAND,1924,11.8,24
MARYLAND,1925,12.5,24
MARYLAND,1926,13.5,24
MARYLAND,1927,14,24
MARYLAND,1928,12.5,24
MARYLAND,1929,12,24
MARYLAND,1930,6.5,24
MARYLAND,1931,13.5,24
MARYLAND,1932,12,24
MARYLAND,1933,13,24
MARYLAND,1934,14.3,24
MARYLAND,1935,12,24
MARYLAND,1936,12.5,24
MARYLAND,1937,14.5,24
MARYLAND,1938,15,24
MARYLAND,1939,13.7,24
MARYLAND,1940,13.5,24
MARYLAND,1941,12,24
MARYLAND,1942,15.5,24
MARYLAND,1943,9,24
MARYLAND,1944,13,24
MARYLAND,1945,15,24
MARYLAND,1946,14.5,24
MARYLAND,1947,13,24
MARYLAND,1948,15.5,24
MARYLAND,1949,16.5,24
MARYLAND,1950,17,24
MARYLAND,1951,16,24
MARYLAND,1952,18,24
MARYLAND,1953,19,24
MARYLAND,1954,18.5,24
MARYLAND,1955,21,24
MARYLAND,1956,25,24
MARYLAND,1957,20,24
MARYLAND,1958,25,24
MARYLAND,1959,24.5,24
MARYLAND,1960,26,24
MARYLAND,1961,24,24
MARYLAND,1962,20.5,24
MARYLAND,1963,18.5,24
MARYLAND,1964,15,24
MARYLAND,1965,27,24
MARYLAND,1966,14,24
MARYLAND,1967,28.5,24
MARYLAND,1968,25,24
MARYLAND,1969,31,24
MARYLAND,1970,24,24
MARYLAND,1971,30,24
MARYLAND,1972,27,24
MARYLAND,1973,31,24
MARYLAND,1974,28,24
MARYLAND,1975,28,24
MARYLAND,1975,28,24
MARYLAND,1976,25,24
MARYLAND,1976,25,24
MARYLAND,1977,27,24
MARYLAND,1978,32,24
MARYLAND,1979,30,24
MARYLAND,1980,24,24
MARYLAND,1981,29.5,24
MARYLAND,1982,29,24
MARYLAND,1983,26,24
MARYLAND,1984,29,24
MARYLAND,1985,32,24
MARYLAND,1986,27,24
MARYLAND,1987,22.5,24
MARYLAND,1988,31,24
MARYLAND,1989,30,24
MARYLAND,1990,36,24
MARYLAND,1991,34,24
MARYLAND,1992,33,24
MARYLAND,1993,26,24
MARYLAND,1994,35.5,24
MARYLAND,1995,23,24
MARYLAND,1996,37,24
MARYLAND,1997,30,24
MARYLAND,1998,31,24
MARYLAND,1999,32,24
MARYLAND,2000,43,24
MARYLAND,2001,39,24
MARYLAND,2002,23,24
MARYLAND,2003,37,24
MARYLAND,2004,43,24
MARYLAND,2005,34,24
MARYLAND,2006,34,24
MARYLAND,2007,27.5,24
MARYLAND,2008,30,24
MARYLAND,2009,42,24
MARYLAND,2010,34,24
MARYLAND,2011,39,24
MARYLAND,2012,47,24
MARYLAND,2013,39.5,24
MARYLAND,2014,46,24
MARYLAND,2015,40,24
MARYLAND,2016,41.5,24
MARYLAND,2017,51,24
MARYLAND,2018,47.5,24
MARYLAND,2019,44,24
MARYLAND,2020,47,24
MARYLAND,2021,53,24
MARYLAND,2022,43,24
MARYLAND,2023,47,24
MICHIGAN,1924,13,26
MICHIGAN,1925,13,26
MICHIGAN,1926,14.4,26
MICHIGAN,1927,8,26
MICHIGAN,1928,15,26
MICHIGAN,1929,10,26
MICHIGAN,1930,10,26
MICHIGAN,1931,12,26
MICHIGAN,1932,13,26
MICHIGAN,1933,12,26
MICHIGAN,1934,10.5,26
MICHIGAN,1935,14.5,26
MICHIGAN,1936,12.5,26
MICHIGAN,1937,14.5,26
MICHIGAN,1938,16.5,26
MICHIGAN,1939,16.5,26
MICHIGAN,1940,16.5,26
MICHIGAN,1941,16,26
MICHIGAN,1942,14,26
MICHIGAN,1943,16.5,26
MICHIGAN,1944,17,26
MICHIGAN,1945,17.5,26
MICHIGAN,1946,15,26
MICHIGAN,1947,17,26
MICHIGAN,1948,17.5,26
MICHIGAN,1949,23,26
MICHIGAN,1950,20,26
MICHIGAN,1951,20.5,26
MICHIGAN,1952,19,26
MICHIGAN,1953,19,26
MICHIGAN,1954,21,26
MICHIGAN,1955,22,26
MICHIGAN,1956,21,26
MICHIGAN,1957,22,26
MICHIGAN,1958,23,26
MICHIGAN,1959,24.5,26
MICHIGAN,1960,20,26
MICHIGAN,1961,26,26
MICHIGAN,1962,22.5,26
MICHIGAN,1963,21,26
MICHIGAN,1964,22.5,26
MICHIGAN,1965,22,26
MICHIGAN,1966,22.5,26
MICHIGAN,1967,20,26
MICHIGAN,1968,26,26
MICHIGAN,1969,23.5,26
MICHIGAN,1970,26.5,26
MICHIGAN,1971,20.5,26
MICHIGAN,1972,26,26
MICHIGAN,1973,24,26
MICHIGAN,1974,21,26
MICHIGAN,1975,26,26
MICHIGAN,1976,20.5,26
MICHIGAN,1977,31,26
MICHIGAN,1978,24,26
MICHIGAN,1979,30,26
MICHIGAN,1980,33,26
MICHIGAN,1981,30,26
MICHIGAN,1982,31,26
MICHIGAN,1983,32.5,26
MICHIGAN,1984,27,26
MICHIGAN,1985,32,26
MICHIGAN,1986,31,26
MICHIGAN,1987,36,26
MICHIGAN,1988,29,26
MICHIGAN,1989,36,26
MICHIGAN,1990,38,26
MICHIGAN,1991,38,26
MICHIGAN,1992,33,26
MICHIGAN,1993,38,26
MICHIGAN,1994,37,26
MICHIGAN,1995,40,26
MICHIGAN,1996,28.5,26
MICHIGAN,1997,38.5,26
MICHIGAN,1998,39,26
MICHIGAN,1999,40,26
MICHIGAN,2000,36,26
MICHIGAN,2001,30,26
MICHIGAN,2002,38.5,26
MICHIGAN,2003,27.5,26
MICHIGAN,2004,38,26
MICHIGAN,2005,38.5,26
MICHIGAN,2006,46,26
MICHIGAN,2007,40,26
MICHIGAN,2008,37,26
MICHIGAN,2009,40,26
MICHIGAN,2010,43.5,26
MICHIGAN,2011,44.5,26
MICHIGAN,2012,43,26
MICHIGAN,2013,44.5,26
MICHIGAN,2014,42.5,26
MICHIGAN,2015,49,26
MICHIGAN,2016,50.5,26
MICHIGAN,2017,42.5,26
MICHIGAN,2018,47.5,26
MICHIGAN,2019,40.5,26
MICHIGAN,2020,48,26
MICHIGAN,2021,51,26
MICHIGAN,2022,47,26
MICHIGAN,2023,46,26
MINNESOTA,1934,15,27
MINNESOTA,1935,14,27
MINNESOTA,1936,12,27
MINNESOTA,1937,14,27
MINNESOTA,1938,15,27
MINNESOTA,1939,16.8,27
MINNESOTA,1940,15,27
MINNESOTA,1941,14.5,27
MINNESOTA,1942,13,27
MINNESOTA,1943,13.5,27
MINNESOTA,1944,15.4,27
MINNESOTA,1945,14.5,27
MINNESOTA,1946,17.5,27
MINNESOTA,1947,15,27
MINNESOTA,1948,18,27
MINNESOTA,1949,17.5,27
MINNESOTA,1950,15.5,27
MINNESOTA,1951,17.5,27
MINNESOTA,1952,19,27
MINNESOTA,1953,20.5,27
MINNESOTA,1954,21.5,27
MINNESOTA,1955,19.5,27
MINNESOTA,1956,20,27
MINNESOTA,1957,21.5,27
MINNESOTA,1958,17.5,27
MINNESOTA,1959,19,27
MINNESOTA,1960,19.5,27
MINNESOTA,1961,23,27
MINNESOTA,1962,19.5,27
MINNESOTA,1963,24.5,27
MINNESOTA,1964,20,27
MINNESOTA,1965,18.5,27
MINNESOTA,1966,24,27
MINNESOTA,1967,19.5,27
MINNESOTA,1968,22,27
MINNESOTA,1969,25,27
MINNESOTA,1970,26,27
MINNESOTA,1971,23,27
MINNESOTA,1972,28,27
MINNESOTA,1972,27.8,27
MINNESOTA,1973,29,27
MINNESOTA,1974,22,27
MINNESOTA,1975,27,27
MINNESOTA,1976,22,27
MINNESOTA,1977,35.5,27
MINNESOTA,1978,36,27
MINNESOTA,1979,32,27
MINNESOTA,1980,31.5,27
MINNESOTA,1981,32,27
MINNESOTA,1982,35,27
MINNESOTA,1982,34.2,27
MINNESOTA,1983,32.6,27
MINNESOTA,1983,33,27
MINNESOTA,1984,33,27
MINNESOTA,1985,32,27
MINNESOTA,1986,35,27
MINNESOTA,1987,39,27
MINNESOTA,1988,26,27
MINNESOTA,1989,37,27
MINNESOTA,1990,39,27
MINNESOTA,1990,38.2,27
MINNESOTA,1991,36.5,27
MINNESOTA,1992,32,27
MINNESOTA,1993,23,27
MINNESOTA,1994,40,27
MINNESOTA,1995,40.5,27
MINNESOTA,1996,38,27
MINNESOTA,1997,39,27
MINNESOTA,1998,42,27
MINNESOTA,1999,42,27
MINNESOTA,2000,41,27
MINNESOTA,2001,37,27
MINNESOTA,2002,43.5,27
MINNESOTA,2003,32,27
MINNESOTA,2004,33,27
MINNESOTA,2005,45.5,27
MINNESOTA,2006,44.5,27
MINNESOTA,2007,42.5,27
MINNESOTA,2008,38,27
MINNESOTA,2009,40,27
MINNESOTA,2010,45,27
MINNESOTA,2011,39,27
MINNESOTA,2012,43.5,27
MINNESOTA,2013,42,27
MINNESOTA,2014,41.5,27
MINNESOTA,2015,50,27
MINNESOTA,2016,52,27
MINNESOTA,2017,47.5,27
MINNESOTA,2018,49,27
MINNESOTA,2019,44,27
MINNESOTA,2020,50,27
MINNESOTA,2021,47,27
MINNESOTA,2022,50,27
MINNESOTA,2023,48,27
MISSISSIPPI,1924,8,28
MISSISSIPPI,1925,10,28
MISSISSIPPI,1926,9.5,28
MISSISSIPPI,1927,10,28
MISSISSIPPI,1928,9.5,28
MISSISSIPPI,1929,9,28
MISSISSIPPI,1930,6.5,28
MISSISSIPPI,1931,9,28
MISSISSIPPI,1932,8,28
MISSISSIPPI,1933,9,28
MISSISSIPPI,1934,8.2,28
MISSISSIPPI,1935,8.5,28
MISSISSIPPI,1936,6.5,28
MISSISSIPPI,1937,8.5,28
MISSISSIPPI,1938,8.5,28
MISSISSIPPI,1939,9.5,28
MISSISSIPPI,1940,10,28
MISSISSIPPI,1941,10.5,28
MISSISSIPPI,1942,14,28
MISSISSIPPI,1943,12,28
MISSISSIPPI,1944,12,28
MISSISSIPPI,1945,13,28
MISSISSIPPI,1946,15,28
MISSISSIPPI,1947,14,28
MISSISSIPPI,1948,18,28
MISSISSIPPI,1949,16.5,28
MISSISSIPPI,1950,25,28
MISSISSIPPI,1951,13,28
MISSISSIPPI,1952,13.5,28
MISSISSIPPI,1953,12,28
MISSISSIPPI,1954,10,28
MISSISSIPPI,1955,19,28
MISSISSIPPI,1956,15.5,28
MISSISSIPPI,1957,19.5,28
MISSISSIPPI,1958,23,28
MISSISSIPPI,1959,22.5,28
MISSISSIPPI,1960,22,28
MISSISSIPPI,1961,22.5,28
MISSISSIPPI,1962,19.5,28
MISSISSIPPI,1963,19,28
MISSISSIPPI,1964,19,28
MISSISSIPPI,1965,22.5,28
MISSISSIPPI,1966,23.5,28
MISSISSIPPI,1967,23,28
MISSISSIPPI,1968,25,28
MISSISSIPPI,1969,20,28
MISSISSIPPI,1970,22.5,28
MISSISSIPPI,1971,21.5,28
MISSISSIPPI,1972,19.5,28
MISSISSIPPI,1973,22,28
MISSISSIPPI,1974,19.5,28
MISSISSIPPI,1974,18.7,28
MISSISSIPPI,1975,21.7,28
MISSISSIPPI,1975,22.5,28
MISSISSIPPI,1976,21.4,28
MISSISSIPPI,1976,22,28
MISSISSIPPI,1977,21.5,28
MISSISSIPPI,1977,20.9,28
MISSISSIPPI,1978,20.9,28
MISSISSIPPI,1978,21.5,28
MISSISSIPPI,1979,28.3,28
MISSISSIPPI,1979,29,28
MISSISSIPPI,1980,15.4,28
MISSISSIPPI,1980,16,28
MISSISSIPPI,1981,21,28
MISSISSIPPI,1981,20.4,28
MISSISSIPPI,1982,26,28
MISSISSIPPI,1982,24.9,28
MISSISSIPPI,1983,18.4,28
MISSISSIPPI,1983,19,28
MISSISSIPPI,1984,24,28
MISSISSIPPI,1984,23.3,28
MISSISSIPPI,1985,26.2,28
MISSISSIPPI,1985,27,28
MISSISSIPPI,1986,17,28
MISSISSIPPI,1986,16,28
MISSISSIPPI,1987,19.5,28
MISSISSIPPI,1987,18.7,28
MISSISSIPPI,1988,22,28
MISSISSIPPI,1988,20.6,28
MISSISSIPPI,1989,18.2,28
MISSISSIPPI,1989,20,28
MISSISSIPPI,1990,21,28
MISSISSIPPI,1991,26,28
MISSISSIPPI,1992,34,28
MISSISSIPPI,1993,22,28
MISSISSIPPI,1994,30.5,28
MISSISSIPPI,1995,21,28
MISSISSIPPI,1996,31,28
MISSISSIPPI,1997,31,28
MISSISSIPPI,1998,24,28
MISSISSIPPI,1999,23.5,28
MISSISSIPPI,2000,22,28
MISSISSIPPI,2001,33,28
MISSISSIPPI,2002,32,28
MISSISSIPPI,2003,39,28
MISSISSIPPI,2004,37.5,28
MISSISSIPPI,2005,36.5,28
MISSISSIPPI,2006,26,28
MISSISSIPPI,2007,40.5,28
MISSISSIPPI,2008,40,28
MISSISSIPPI,2009,38,28
MISSISSIPPI,2010,38.5,28
MISSISSIPPI,2011,39,28
MISSISSIPPI,2012,45,28
MISSISSIPPI,2013,46,28
MISSISSIPPI,2014,52,28
MISSISSIPPI,2015,46,28
MISSISSIPPI,2016,48,28
MISSISSIPPI,2017,53,28
MISSISSIPPI,2018,54,28
MISSISSIPPI,2019,50,28
MISSISSIPPI,2020,54,28
MISSISSIPPI,2021,54,28
MISSISSIPPI,2022,54,28
MISSISSIPPI,2023,56,28
MISSOURI,1924,7.5,29
MISSOURI,1925,8.5,29
MISSOURI,1926,7.5,29
MISSOURI,1927,8,29
MISSOURI,1928,9.5,29
MISSOURI,1929,8,29
MISSOURI,1930,7,29
MISSOURI,1931,9,29
MISSOURI,1932,10,29
MISSOURI,1933,9,29
MISSOURI,1934,5.5,29
MISSOURI,1935,7.5,29
MISSOURI,1936,5,29
MISSOURI,1937,11,29
MISSOURI,1938,13,29
MISSOURI,1939,13,29
MISSOURI,1940,13,29
MISSOURI,1941,11.5,29
MISSOURI,1942,15,29
MISSOURI,1943,15.5,29
MISSOURI,1944,17.5,29
MISSOURI,1945,13,29
MISSOURI,1946,20,29
MISSOURI,1947,12,29
MISSOURI,1948,20,29
MISSOURI,1949,21,29
MISSOURI,1950,23,29
MISSOURI,1951,20,29
MISSOURI,1952,18.5,29
MISSOURI,1953,13.5,29
MISSOURI,1954,14.5,29
MISSOURI,1955,17.5,29
MISSOURI,1956,20,29
MISSOURI,1957,21.5,29
MISSOURI,1958,26,29
MISSOURI,1959,22,29
MISSOURI,1960,21.5,29
MISSOURI,1961,24,29
MISSOURI,1962,22.5,29
MISSOURI,1963,24,29
MISSOURI,1964,21,29
MISSOURI,1965,26,29
MISSOURI,1966,25,29
MISSOURI,1967,22,29
MISSOURI,1968,28,29
MISSOURI,1969,25.5,29
MISSOURI,1970,25.5,29
MISSOURI,1971,27,29
MISSOURI,1972,27.5,29
MISSOURI,1973,27,29
MISSOURI,1974,21.5,29
MISSOURI,1975,26,29
MISSOURI,1976,20,29
MISSOURI,1977,32,29
MISSOURI,1978,28.5,29
MISSOURI,1978,28.2,29
MISSOURI,1979,31.5,29
MISSOURI,1980,24.5,29
MISSOURI,1981,30,29
MISSOURI,1982,30,29
MISSOURI,1983,20,29
MISSOURI,1984,20.5,29
MISSOURI,1985,35.4,29
MISSOURI,1985,25.4,29
MISSOURI,1985,34.5,29
MISSOURI,1986,32.5,29
MISSOURI,1986,27.2,29
MISSOURI,1986,32.8,29
MISSOURI,1987,32.8,29
MISSOURI,1987,32,29
MISSOURI,1987,22,29
MISSOURI,1988,20.2,29
MISSOURI,1988,26.5,29
MISSOURI,1988,27.2,29
MISSOURI,1989,29.3,29
MISSOURI,1989,19.9,29
MISSOURI,1989,28,29
MISSOURI,1990,26.3,29
MISSOURI,1990,30,29
MISSOURI,1990,30.7,29
MISSOURI,1991,30.5,29
MISSOURI,1991,22.8,29
MISSOURI,1991,31.9,29
MISSOURI,1992,27.8,29
MISSOURI,1992,38,29
MISSOURI,1992,39.4,29
MISSOURI,1993,33.6,29
MISSOURI,1993,28.2,29
MISSOURI,1993,33,29
MISSOURI,1994,30.4,29
MISSOURI,1994,38,29
MISSOURI,1994,39,29
MISSOURI,1995,24.6,29
MISSOURI,1995,29.5,29
MISSOURI,1995,30.1,29
MISSOURI,1996,37,29
MISSOURI,1996,37.9,29
MISSOURI,1996,31.5,29
MISSOURI,1997,37.1,29
MISSOURI,1997,27.5,29
MISSOURI,1997,36,29
MISSOURI,1998,34,29
MISSOURI,1998,35,29
MISSOURI,1998,26.3,29
MISSOURI,1999,28,29
MISSOURI,1999,21.8,29
MISSOURI,1999,27.5,29
MISSOURI,2000,36.3,29
MISSOURI,2000,23.1,29
MISSOURI,2000,35,29
MISSOURI,2001,29.4,29
MISSOURI,2001,38,29
MISSOURI,2001,39,29
MISSOURI,2002,34,29
MISSOURI,2002,34.8,29
MISSOURI,2002,27.7,29
MISSOURI,2003,27.9,29
MISSOURI,2003,29.7,29
MISSOURI,2003,29.5,29
MISSOURI,2004,45,29
MISSOURI,2004,33.7,29
MISSOURI,2004,46.7,29
MISSOURI,2005,37.7,29
MISSOURI,2005,37,29
MISSOURI,2005,29.3,29
MISSOURI,2006,40,29
MISSOURI,2006,38,29
MISSOURI,2006,26,29
MISSOURI,2007,29,29
MISSOURI,2007,37.5,29
MISSOURI,2007,39,29
MISSOURI,2008,33,29
MISSOURI,2008,39,29
MISSOURI,2008,38,29
MISSOURI,2009,43.5,29
MISSOURI,2010,41.5,29
MISSOURI,2011,36.5,29
MISSOURI,2012,30,29
MISSOURI,2013,36,29
MISSOURI,2014,46.5,29
MISSOURI,2015,40.5,29
MISSOURI,2016,49,29
MISSOURI,2017,49.5,29
MISSOURI,2018,44.5,29
MISSOURI,2019,46,29
MISSOURI,2020,51,29
MISSOURI,2021,49,29
MISSOURI,2022,45.5,29
MISSOURI,2023,48,29
NEBRASKA,1938,12,31
NEBRASKA,1939,10,31
NEBRASKA,1940,14,31
NEBRASKA,1941,11,31
NEBRASKA,1942,15,31
NEBRASKA,1943,12,31
NEBRASKA,1944,17.8,31
NEBRASKA,1945,18,31
NEBRASKA,1946,21,31
NEBRASKA,1947,14.5,31
NEBRASKA,1948,23,31
NEBRASKA,1949,22.2,31
NEBRASKA,1950,24,31
NEBRASKA,1951,22,31
NEBRASKA,1952,26,31
NEBRASKA,1953,18.5,31
NEBRASKA,1954,21.5,31
NEBRASKA,1955,10.5,31
NEBRASKA,1956,11.5,31
NEBRASKA,1957,26,31
NEBRASKA,1958,29,31
NEBRASKA,1959,24,31
NEBRASKA,1960,28,31
NEBRASKA,1960,35.4,31
NEBRASKA,1960,27.7,31
NEBRASKA,1961,25.5,31
NEBRASKA,1961,25.2,31
NEBRASKA,1961,31.3,31
NEBRASKA,1962,27,31
NEBRASKA,1962,32.7,31
NEBRASKA,1962,26.7,31
NEBRASKA,1963,28.1,31
NEBRASKA,1963,35.1,31
NEBRASKA,1963,28.5,31
NEBRASKA,1964,22,31
NEBRASKA,1964,29.7,31
NEBRASKA,1964,21.6,31
NEBRASKA,1965,23.5,31
NEBRASKA,1965,23.2,31
NEBRASKA,1965,29.4,31
NEBRASKA,1966,29.2,31
NEBRASKA,1966,34.3,31
NEBRASKA,1966,29.5,31
NEBRASKA,1967,22.1,31
NEBRASKA,1967,22.5,31
NEBRASKA,1967,31,31
NEBRASKA,1968,33.3,31
NEBRASKA,1968,23.5,31
NEBRASKA,1968,22.8,31
NEBRASKA,1969,32.5,31
NEBRASKA,1969,32,31
NEBRASKA,1969,39.1,31
NEBRASKA,1970,22,31
NEBRASKA,1970,20.9,31
NEBRASKA,1970,34.8,31
NEBRASKA,1971,24.5,31
NEBRASKA,1971,25,31
NEBRASKA,1971,34.9,31
NEBRASKA,1972,37,31
NEBRASKA,1972,32.5,31
NEBRASKA,1972,32.2,31
NEBRASKA,1973,36.5,31
NEBRASKA,1973,30,31
NEBRASKA,1973,29.4,31
NEBRASKA,1974,33.9,31
NEBRASKA,1974,23.7,31
NEBRASKA,1974,24.5,31
NEBRASKA,1975,26.4,31
NEBRASKA,1975,34,31
NEBRASKA,1975,27,31
NEBRASKA,1976,18.9,31
NEBRASKA,1976,34,31
NEBRASKA,1976,20,31
NEBRASKA,1977,36,31
NEBRASKA,1977,40,31
NEBRASKA,1977,35.6,31
NEBRASKA,1978,34,31
NEBRASKA,1978,39,31
NEBRASKA,1978,33.4,31
NEBRASKA,1979,33.2,31
NEBRASKA,1979,34,31
NEBRASKA,1979,40,31
NEBRASKA,1980,28.1,31
NEBRASKA,1980,39,31
NEBRASKA,1980,30,31
NEBRASKA,1981,45,31
NEBRASKA,1981,36.5,31
NEBRASKA,1981,38,31
NEBRASKA,1982,33.6,31
NEBRASKA,1982,35,31
NEBRASKA,1982,41,31
NEBRASKA,1983,28.5,31
NEBRASKA,1983,25.3,31
NEBRASKA,1983,38,31
NEBRASKA,1984,26,31
NEBRASKA,1984,22.3,31
NEBRASKA,1984,36,31
NEBRASKA,1985,40,31
NEBRASKA,1985,34.5,31
NEBRASKA,1985,36,31
NEBRASKA,1986,38,31
NEBRASKA,1986,36.2,31
NEBRASKA,1986,44,31
NEBRASKA,1987,43,31
NEBRASKA,1987,33.1,31
NEBRASKA,1987,35.5,31
NEBRASKA,1988,25.3,31
NEBRASKA,1988,43,31
NEBRASKA,1988,30,31
NEBRASKA,1989,27,31
NEBRASKA,1989,44,31
NEBRASKA,1989,32,31
NEBRASKA,1990,43,31
NEBRASKA,1990,31,31
NEBRASKA,1990,34.5,31
NEBRASKA,1991,45,31
NEBRASKA,1991,33.5,31
NEBRASKA,1991,28.7,31
NEBRASKA,1992,42,31
NEBRASKA,1992,40.8,31
NEBRASKA,1992,45,31
NEBRASKA,1993,40.5,31
NEBRASKA,1993,36,31
NEBRASKA,1993,34.1,31
NEBRASKA,1994,44.6,31
NEBRASKA,1994,47,31
NEBRASKA,1994,53,31
NEBRASKA,1995,41.5,31
NEBRASKA,1995,29.1,31
NEBRASKA,1995,33,31
NEBRASKA,1996,45,31
NEBRASKA,1996,42.9,31
NEBRASKA,1996,50,31
NEBRASKA,1997,36.5,31
NEBRASKA,1997,50,31
NEBRASKA,1997,40.5,31
NEBRASKA,1998,44,31
NEBRASKA,1998,40.9,31
NEBRASKA,1998,51.1,31
NEBRASKA,1999,42.5,31
NEBRASKA,1999,51,31
NEBRASKA,1999,37.5,31
NEBRASKA,2000,49.5,31
NEBRASKA,2000,29.7,31
NEBRASKA,2000,38,31
NEBRASKA,2001,39.4,31
NEBRASKA,2001,45.5,31
NEBRASKA,2001,53,31
NEBRASKA,2002,50.8,31
NEBRASKA,2002,28.5,31
NEBRASKA,2002,38.5,31
NEBRASKA,2003,30.5,31
NEBRASKA,2003,40.5,31
NEBRASKA,2003,53.7,31
NEBRASKA,2004,46,31
NEBRASKA,2004,39.6,31
NEBRASKA,2004,53.5,31
NEBRASKA,2005,59,31
NEBRASKA,2005,43.1,31
NEBRASKA,2005,50.5,31
NEBRASKA,2006,50,31
NEBRASKA,2006,58.5,31
NEBRASKA,2006,42.2,31
NEBRASKA,2007,47.8,31
NEBRASKA,2007,51,31
NEBRASKA,2007,55.7,31
NEBRASKA,2008,56,31
NEBRASKA,2008,38.5,31
NEBRASKA,2008,46.5,31
NEBRASKA,2009,54.5,31
NEBRASKA,2009,60.5,31
NEBRASKA,2009,49,31
NEBRASKA,2010,52.5,31
NEBRASKA,2010,59.3,31
NEBRASKA,2010,46.6,31
NEBRASKA,2011,54,31
NEBRASKA,2011,47.8,31
NEBRASKA,2011,61.1,31
NEBRASKA,2012,60.7,31
NEBRASKA,2012,41.5,31
NEBRASKA,2012,24.9,31
NEBRASKA,2013,61.6,31
NEBRASKA,2013,46.8,31
NEBRASKA,2013,53.5,31
NEBRASKA,2014,60.4,31
NEBRASKA,2014,48.1,31
NEBRASKA,2014,54,31
NEBRASKA,2015,50.8,31
NEBRASKA,2015,65.6,31
NEBRASKA,2015,58,31
NEBRASKA,2016,55.1,31
NEBRASKA,2016,67.5,31
NEBRASKA,2016,61,31
NEBRASKA,2017,57.5,31
NEBRASKA,2017,50.4,31
NEBRASKA,2017,64.8,31
NEBRASKA,2018,51.9,31
NEBRASKA,2018,58,31
NEBRASKA,2018,64.3,31
NEBRASKA,2019,58.5,31
NEBRASKA,2020,58,31
NEBRASKA,2021,63,31
NEBRASKA,2022,49,31
NEBRASKA,2023,51.5,31
NEW JERSEY,1938,16,34
NEW JERSEY,1939,15,34
NEW JERSEY,1940,14.5,34
NEW JERSEY,1941,13,34
NEW JERSEY,1942,16,34
NEW JERSEY,1943,13.5,34
NEW JERSEY,1944,11.8,34
NEW JERSEY,1945,20,34
NEW JERSEY,1946,20,34
NEW JERSEY,1947,19,34
NEW JERSEY,1948,17.5,34
NEW JERSEY,1949,18.1,34
NEW JERSEY,1950,20.5,34
NEW JERSEY,1951,16.5,34
NEW JERSEY,1952,20.5,34
NEW JERSEY,1953,18,34
NEW JERSEY,1954,21,34
NEW JERSEY,1955,19,34
NEW JERSEY,1956,24,34
NEW JERSEY,1957,14,34
NEW JERSEY,1958,25,34
NEW JERSEY,1959,25,34
NEW JERSEY,1960,24.5,34
NEW JERSEY,1961,24,34
NEW JERSEY,1962,24.5,34
NEW JERSEY,1963,17.5,34
NEW JERSEY,1964,14,34
NEW JERSEY,1965,23.5,34
NEW JERSEY,1966,17.5,34
NEW JERSEY,1967,26,34
NEW JERSEY,1968,24,34
NEW JERSEY,1969,28.5,34
NEW JERSEY,1970,25,34
NEW JERSEY,1971,28,34
NEW JERSEY,1972,17,34
NEW JERSEY,1973,21,34
NEW JERSEY,1974,29,34
NEW JERSEY,1975,26,34
NEW JERSEY,1976,24,34
NEW JERSEY,1977,24,34
NEW JERSEY,1978,31,34
NEW JERSEY,1979,30,34
NEW JERSEY,1980,18,34
NEW JERSEY,1981,29,34
NEW JERSEY,1982,25,34
NEW JERSEY,1983,23,34
NEW JERSEY,1984,31,34
NEW JERSEY,1985,34,34
NEW JERSEY,1986,29,34
NEW JERSEY,1987,31,34
NEW JERSEY,1988,27,34
NEW JERSEY,1989,32,34
NEW JERSEY,1990,37,34
NEW JERSEY,1991,36,34
NEW JERSEY,1992,33,34
NEW JERSEY,1993,29,34
NEW JERSEY,1994,34.5,34
NEW JERSEY,1995,22,34
NEW JERSEY,1996,37,34
NEW JERSEY,1997,31,34
NEW JERSEY,1998,28,34
NEW JERSEY,1999,24,34
NEW JERSEY,2000,40,34
NEW JERSEY,2001,31,34
NEW JERSEY,2002,24,34
NEW JERSEY,2003,34,34
NEW JERSEY,2004,42,34
NEW JERSEY,2005,28,34
NEW JERSEY,2006,35,34
NEW JERSEY,2007,31,34
NEW JERSEY,2008,30,34
NEW JERSEY,2009,42,34
NEW JERSEY,2010,24,34
NEW JERSEY,2011,38,34
NEW JERSEY,2012,39,34
NEW JERSEY,2013,39.5,34
NEW JERSEY,2014,44,34
NEW JERSEY,2015,32,34
NEW JERSEY,2016,36,34
NEW JERSEY,2017,45,34
NEW JERSEY,2018,39.5,34
NEW JERSEY,2019,37,34
NEW JERSEY,2020,46,34
NEW JERSEY,2021,46,34
NEW JERSEY,2022,28,34
NEW JERSEY,2023,43,34
NEW YORK,1934,15,36
NEW YORK,1935,14,36
NEW YORK,1936,13,36
NEW YORK,1937,16,36
NEW YORK,1938,16,36
NEW YORK,1939,13,36
NEW YORK,1940,13,36
NEW YORK,1941,15,36
NEW YORK,1942,16,36
NEW YORK,1943,15,36
NEW YORK,1944,14.7,36
NEW YORK,1945,14,36
NEW YORK,1946,16,36
NEW YORK,1947,15,36
NEW YORK,1948,16,36
NEW YORK,1949,18,36
NEW YORK,1950,18,36
NEW YORK,1951,18,36
NEW YORK,1952,17.5,36
NEW YORK,1953,16,36
NEW YORK,1954,11,36
NEW YORK,1955,16,36
NEW YORK,1956,14,36
NEW YORK,1957,18,36
NEW YORK,1958,18,36
NEW YORK,1959,18,36
NEW YORK,1960,17,36
NEW YORK,1961,21,36
NEW YORK,1962,18,36
NEW YORK,1963,16,36
NEW YORK,1964,15,36
NEW YORK,1965,15,36
NEW YORK,1966,20,36
NEW YORK,1967,23,36
NEW YORK,1968,22,36
NEW YORK,1969,24.5,36
NEW YORK,1970,20,36
NEW YORK,1971,22,36
NEW YORK,1972,21,36
NEW YORK,1973,26,36
NEW YORK,1974,26,36
NEW YORK,1975,27,36
NEW YORK,1976,26,36
NEW YORK,1977,23,36
NEW YORK,1978,23,36
NEW YORK,1979,26,36
NEW YORK,1980,24,36
NEW YORK,1998,41,36
NEW YORK,1999,37,36
NEW YORK,2000,33,36
NEW YORK,2001,33,36
NEW YORK,2002,32,36
NEW YORK,2003,35,36
NEW YORK,2004,39,36
NEW YORK,2005,42,36
NEW YORK,2006,46,36
NEW YORK,2007,39,36
NEW YORK,2008,46,36
NEW YORK,2009,43,36
NEW YORK,2010,48,36
NEW YORK,2011,43,36
NEW YORK,2012,46,36
NEW YORK,2013,48,36
NEW YORK,2014,44.5,36
NEW YORK,2015,43,36
NEW YORK,2016,41,36
NEW YORK,2017,45,36
NEW YORK,2018,52,36
NEW YORK,2019,48,36
NEW YORK,2020,51,36
NEW YORK,2021,53,36
NEW YORK,2022,45,36
NEW YORK,2023,51,36
NORTH CAROLINA,1924,15.5,37
NORTH CAROLINA,1925,14.5,37
NORTH CAROLINA,1926,12.5,37
NORTH CAROLINA,1927,15,37
NORTH CAROLINA,1928,13.5,37
NORTH CAROLINA,1929,11.5,37
NORTH CAROLINA,1930,10.5,37
NORTH CAROLINA,1931,13.5,37
NORTH CAROLINA,1932,10,37
NORTH CAROLINA,1933,9.5,37
NORTH CAROLINA,1934,10.5,37
NORTH CAROLINA,1935,12.5,37
NORTH CAROLINA,1936,12,37
NORTH CAROLINA,1937,12,37
NORTH CAROLINA,1938,11.5,37
NORTH CAROLINA,1939,11,37
NORTH CAROLINA,1940,12,37
NORTH CAROLINA,1941,10,37
NORTH CAROLINA,1942,13,37
NORTH CAROLINA,1943,9,37
NORTH CAROLINA,1944,10.5,37
NORTH CAROLINA,1945,12.5,37
NORTH CAROLINA,1946,13.5,37
NORTH CAROLINA,1947,15,37
NORTH CAROLINA,1948,13.5,37
NORTH CAROLINA,1949,15,37
NORTH CAROLINA,1950,16,37
NORTH CAROLINA,1951,17,37
NORTH CAROLINA,1952,17,37
NORTH CAROLINA,1953,16,37
NORTH CAROLINA,1954,17,37
NORTH CAROLINA,1955,15.5,37
NORTH CAROLINA,1956,21.5,37
NORTH CAROLINA,1957,20,37
NORTH CAROLINA,1958,23,37
NORTH CAROLINA,1959,21.5,37
NORTH CAROLINA,1960,22.5,37
NORTH CAROLINA,1961,23,37
NORTH CAROLINA,1962,24,37
NORTH CAROLINA,1963,23.5,37
NORTH CAROLINA,1964,23.5,37
NORTH CAROLINA,1965,25,37
NORTH CAROLINA,1966,25,37
NORTH CAROLINA,1967,24.5,37
NORTH CAROLINA,1968,17.5,37
NORTH CAROLINA,1969,26,37
NORTH CAROLINA,1970,24,37
NORTH CAROLINA,1971,24,37
NORTH CAROLINA,1972,25,37
NORTH CAROLINA,1973,24,37
NORTH CAROLINA,1974,22,37
NORTH CAROLINA,1975,23.5,37
NORTH CAROLINA,1976,22,37
NORTH CAROLINA,1977,21.5,37
NORTH CAROLINA,1978,24,37
NORTH CAROLINA,1979,23.5,37
NORTH CAROLINA,1980,18,37
NORTH CAROLINA,1981,25,37
NORTH CAROLINA,1982,25,37
NORTH CAROLINA,1983,20,37
NORTH CAROLINA,1984,26,37
NORTH CAROLINA,1985,23,37
NORTH CAROLINA,1986,24,37
NORTH CAROLINA,1987,24.5,37
NORTH CAROLINA,1988,27,37
NORTH CAROLINA,1989,27,37
NORTH CAROLINA,1990,24,37
NORTH CAROLINA,1991,29.5,37
NORTH CAROLINA,1992,27,37
NORTH CAROLINA,1993,24,37
NORTH CAROLINA,1994,31,37
NORTH CAROLINA,1995,25,37
NORTH CAROLINA,1996,29,37
NORTH CAROLINA,1997,29,37
NORTH CAROLINA,1998,27,37
NORTH CAROLINA,1999,23,37
NORTH CAROLINA,2000,32.5,37
NORTH CAROLINA,2001,32,37
NORTH CAROLINA,2002,24,37
NORTH CAROLINA,2003,30,37
NORTH CAROLINA,2004,34,37
NORTH CAROLINA,2005,27,37
NORTH CAROLINA,2006,32,37
NORTH CAROLINA,2007,22,37
NORTH CAROLINA,2008,33,37
NORTH CAROLINA,2009,34,37
NORTH CAROLINA,2010,26,37
NORTH CAROLINA,2011,30.5,37
NORTH CAROLINA,2012,39.5,37
NORTH CAROLINA,2013,33.5,37
NORTH CAROLINA,2014,40,37
NORTH CAROLINA,2015,32,37
NORTH CAROLINA,2016,35,37
NORTH CAROLINA,2017,40,37
NORTH CAROLINA,2018,33,37
NORTH CAROLINA,2019,35,37
NORTH CAROLINA,2020,38,37
NORTH CAROLINA,2021,40,37
NORTH CAROLINA,2022,38.5,37
NORTH CAROLINA,2023,38.5,37
NORTH DAKOTA,1942,10,38
NORTH DAKOTA,1943,11,38
NORTH DAKOTA,1944,10.5,38
NORTH DAKOTA,1945,11.5,38
NORTH DAKOTA,1946,11,38
NORTH DAKOTA,1947,10,38
NORTH DAKOTA,1948,13,38
NORTH DAKOTA,1949,11.5,38
NORTH DAKOTA,1950,10.5,38
NORTH DAKOTA,1951,13,38
NORTH DAKOTA,1952,12.5,38
NORTH DAKOTA,1953,14,38
NORTH DAKOTA,1954,15,38
NORTH DAKOTA,1955,15.5,38
NORTH DAKOTA,1956,13,38
NORTH DAKOTA,1957,18,38
NORTH DAKOTA,1958,14,38
NORTH DAKOTA,1959,12,38
NORTH DAKOTA,1960,13,38
NORTH DAKOTA,1961,14,38
NORTH DAKOTA,1962,13.5,38
NORTH DAKOTA,1963,19,38
NORTH DAKOTA,1964,14.5,38
NORTH DAKOTA,1965,19,38
NORTH DAKOTA,1966,22.5,38
NORTH DAKOTA,1967,13,38
NORTH DAKOTA,1968,15.5,38
NORTH DAKOTA,1969,17,38
NORTH DAKOTA,1970,15,38
NORTH DAKOTA,1971,14,38
NORTH DAKOTA,1972,20.5,38
NORTH DAKOTA,1972,19.5,38
NORTH DAKOTA,1973,23.3,38
NORTH DAKOTA,1973,23.5,38
NORTH DAKOTA,1974,16.2,38
NORTH DAKOTA,1974,16.5,38
NORTH DAKOTA,1975,19.5,38
NORTH DAKOTA,1975,16.1,38
NORTH DAKOTA,1976,12.5,38
NORTH DAKOTA,1976,12.3,38
NORTH DAKOTA,1977,20,38
NORTH DAKOTA,1977,19.4,38
NORTH DAKOTA,1978,27.5,38
NORTH DAKOTA,1978,27.2,38
NORTH DAKOTA,1979,27,38
NORTH DAKOTA,1979,26.5,38
NORTH DAKOTA,1980,17.5,38
NORTH DAKOTA,1980,16.7,38
NORTH DAKOTA,1981,28,38
NORTH DAKOTA,1981,27.4,38
NORTH DAKOTA,1982,20.5,38
NORTH DAKOTA,1982,21,38
NORTH DAKOTA,1983,27,38
NORTH DAKOTA,1983,26.5,38
NORTH DAKOTA,1984,23,38
NORTH DAKOTA,1984,22.7,38
NORTH DAKOTA,1985,25.5,38
NORTH DAKOTA,1985,26,38
NORTH DAKOTA,1986,34.6,38
NORTH DAKOTA,1986,35,38
NORTH DAKOTA,1987,32.5,38
NORTH DAKOTA,1987,32.2,38
NORTH DAKOTA,1988,16.6,38
NORTH DAKOTA,1988,18,38
NORTH DAKOTA,1989,21.7,38
NORTH DAKOTA,1989,22,38
NORTH DAKOTA,1990,26,38
NORTH DAKOTA,1991,30.5,38
NORTH DAKOTA,1992,25,38
NORTH DAKOTA,1993,17,38
NORTH DAKOTA,1994,31,38
NORTH DAKOTA,1995,29,38
NORTH DAKOTA,1996,29,38
NORTH DAKOTA,1997,29.5,38
NORTH DAKOTA,1998,32,38
NORTH DAKOTA,1999,35,38
NORTH DAKOTA,2000,32,38
NORTH DAKOTA,2001,33.5,38
NORTH DAKOTA,2002,33,38
NORTH DAKOTA,2003,29,38
NORTH DAKOTA,2004,23,38
NORTH DAKOTA,2005,36.5,38
NORTH DAKOTA,2006,31.5,38
NORTH DAKOTA,2007,35.5,38
NORTH DAKOTA,2008,28,38
NORTH DAKOTA,2009,30,38
NORTH DAKOTA,2010,34,38
NORTH DAKOTA,2011,29,38
NORTH DAKOTA,2012,34.5,38
NORTH DAKOTA,2013,30.5,38
NORTH DAKOTA,2014,34.5,38
NORTH DAKOTA,2015,32.5,38
NORTH DAKOTA,2016,41.5,38
NORTH DAKOTA,2017,34.5,38
NORTH DAKOTA,2018,35,38
NORTH DAKOTA,2019,31.5,38
NORTH DAKOTA,2020,34,38
NORTH DAKOTA,2021,25.5,38
NORTH DAKOTA,2022,35,38
NORTH DAKOTA,2023,35.5,38
OHIO,1924,11.5,39
OHIO,1925,14,39
OHIO,1926,11.5,39
OHIO,1927,14.5,39
OHIO,1928,15,39
OHIO,1929,15.1,39
OHIO,1930,14,39
OHIO,1931,20,39
OHIO,1932,15.5,39
OHIO,1933,16,39
OHIO,1934,17,39
OHIO,1935,21,39
OHIO,1936,15.5,39
OHIO,1937,19,39
OHIO,1938,21,39
OHIO,1939,21.1,39
OHIO,1940,16,39
OHIO,1941,20,39
OHIO,1942,22.5,39
OHIO,1943,21,39
OHIO,1944,17.6,39
OHIO,1945,18,39
OHIO,1946,18,39
OHIO,1947,18.5,39
OHIO,1948,20.5,39
OHIO,1949,24,39
OHIO,1950,22.5,39
OHIO,1951,19,39
OHIO,1952,22,39
OHIO,1953,20.5,39
OHIO,1954,25,39
OHIO,1955,24.5,39
OHIO,1956,24,39
OHIO,1957,23,39
OHIO,1958,26,39
OHIO,1959,25,39
OHIO,1960,24.5,39
OHIO,1961,28,39
OHIO,1962,25,39
OHIO,1963,23.5,39
OHIO,1964,22.5,39
OHIO,1965,24.5,39
OHIO,1966,28.5,39
OHIO,1967,22.5,39
OHIO,1968,30.5,39
OHIO,1969,29.5,39
OHIO,1970,28.5,39
OHIO,1971,30.5,39
OHIO,1972,26.5,39
OHIO,1973,25.5,39
OHIO,1974,26,39
OHIO,1975,33,39
OHIO,1976,33,39
OHIO,1977,35,39
OHIO,1978,33,39
OHIO,1979,35.5,39
OHIO,1980,36,39
OHIO,1981,28.5,39
OHIO,1982,36,39
OHIO,1983,31.8,39
OHIO,1983,32,39
OHIO,1984,36.5,39
OHIO,1984,36.2,39
OHIO,1985,41.2,39
OHIO,1985,41.5,39
OHIO,1986,40.5,39
OHIO,1987,37,39
OHIO,1988,27,39
OHIO,1989,31.5,39
OHIO,1990,39,39
OHIO,1991,36,39
OHIO,1992,40,39
OHIO,1993,38,39
OHIO,1994,43.5,39
OHIO,1995,38,39
OHIO,1996,35,39
OHIO,1997,44,39
OHIO,1998,44,39
OHIO,1999,36,39
OHIO,2000,42,39
OHIO,2001,41,39
OHIO,2002,32,39
OHIO,2003,38.5,39
OHIO,2004,47,39
OHIO,2005,45,39
OHIO,2006,47,39
OHIO,2007,47,39
OHIO,2008,36,39
OHIO,2009,49,39
OHIO,2010,48,39
OHIO,2011,48,39
OHIO,2012,45,39
OHIO,2013,49.5,39
OHIO,2014,52.5,39
OHIO,2015,50,39
OHIO,2016,54.5,39
OHIO,2017,49.5,39
OHIO,2018,56,39
OHIO,2019,49,39
OHIO,2020,55,39
OHIO,2021,57,39
OHIO,2022,55.5,39
OHIO,2023,58,39
OKLAHOMA,1924,6.5,40
OKLAHOMA,1925,12,40
OKLAHOMA,1926,10,40
OKLAHOMA,1927,13,40
OKLAHOMA,1928,10.5,40
OKLAHOMA,1929,8,40
OKLAHOMA,1930,6.5,40
OKLAHOMA,1931,8.5,40
OKLAHOMA,1932,7.5,40
OKLAHOMA,1933,9,40
OKLAHOMA,1934,3,40
OKLAHOMA,1935,9,40
OKLAHOMA,1936,4,40
OKLAHOMA,1937,8,40
OKLAHOMA,1938,7,40
OKLAHOMA,1939,5.1,40
OKLAHOMA,1940,7.5,40
OKLAHOMA,1941,8,40
OKLAHOMA,1942,9,40
OKLAHOMA,1943,5,40
OKLAHOMA,1944,8,40
OKLAHOMA,1945,7.5,40
OKLAHOMA,1946,6,40
OKLAHOMA,1947,6,40
OKLAHOMA,1948,14,40
OKLAHOMA,1949,11,40
OKLAHOMA,1950,17,40
OKLAHOMA,1951,13.5,40
OKLAHOMA,1952,10,40
OKLAHOMA,1953,10,40
OKLAHOMA,1954,6,40
OKLAHOMA,1955,11.5,40
OKLAHOMA,1956,8,40
OKLAHOMA,1957,16,40
OKLAHOMA,1958,21,40
OKLAHOMA,1959,18,40
OKLAHOMA,1960,20,40
OKLAHOMA,1961,20,40
OKLAHOMA,1962,17,40
OKLAHOMA,1963,13.5,40
OKLAHOMA,1964,16.5,40
OKLAHOMA,1965,16.5,40
OKLAHOMA,1966,20,40
OKLAHOMA,1967,23,40
OKLAHOMA,1968,21,40
OKLAHOMA,1969,18,40
OKLAHOMA,1970,18,40
OKLAHOMA,1971,21.5,40
OKLAHOMA,1972,21,40
OKLAHOMA,1973,22,40
OKLAHOMA,1974,22,40
OKLAHOMA,1975,22,40
OKLAHOMA,1976,22,40
OKLAHOMA,1977,23,40
OKLAHOMA,1978,15,40
OKLAHOMA,1979,23,40
OKLAHOMA,1980,10,40
OKLAHOMA,1981,24,40
OKLAHOMA,1982,18,40
OKLAHOMA,1983,17,40
OKLAHOMA,1984,19,40
OKLAHOMA,1985,23,40
OKLAHOMA,1986,24,40
OKLAHOMA,1987,25,40
OKLAHOMA,1988,18,40
OKLAHOMA,1989,24,40
OKLAHOMA,1990,21,40
OKLAHOMA,1991,24,40
OKLAHOMA,1992,27,40
OKLAHOMA,1993,24,40
OKLAHOMA,1994,32,40
OKLAHOMA,1995,20,40
OKLAHOMA,1996,26,40
OKLAHOMA,1997,30,40
OKLAHOMA,1998,18,40
OKLAHOMA,1999,19,40
OKLAHOMA,2000,15,40
OKLAHOMA,2001,19,40
OKLAHOMA,2002,26,40
OKLAHOMA,2003,26,40
OKLAHOMA,2004,30,40
OKLAHOMA,2005,26,40
OKLAHOMA,2006,17,40
OKLAHOMA,2007,26,40
OKLAHOMA,2008,25,40
OKLAHOMA,2009,31,40
OKLAHOMA,2010,25,40
OKLAHOMA,2011,13,40
OKLAHOMA,2012,15,40
OKLAHOMA,2013,30.5,40
OKLAHOMA,2014,28,40
OKLAHOMA,2015,31,40
OKLAHOMA,2016,29,40
OKLAHOMA,2017,29,40
OKLAHOMA,2018,28,40
OKLAHOMA,2019,29,40
OKLAHOMA,2020,30,40
OKLAHOMA,2021,23,40
OKLAHOMA,2022,17,40
OKLAHOMA,2023,26,40
OTHER STATES,2015,0,98
OTHER STATES,2016,0,98
OTHER STATES,2017,0,98
OTHER STATES,2018,0,98
PENNSYLVANIA,1934,16.5,42
PENNSYLVANIA,1935,16.5,42
PENNSYLVANIA,1936,15,42
PENNSYLVANIA,1937,16,42
PENNSYLVANIA,1938,17.5,42
PENNSYLVANIA,1939,15.5,42
PENNSYLVANIA,1940,16,42
PENNSYLVANIA,1941,14.5,42
PENNSYLVANIA,1942,17,42
PENNSYLVANIA,1943,13,42
PENNSYLVANIA,1944,13.2,42
PENNSYLVANIA,1945,15.5,42
PENNSYLVANIA,1946,16,42
PENNSYLVANIA,1947,16,42
PENNSYLVANIA,1948,16.5,42
PENNSYLVANIA,1949,18.6,42
PENNSYLVANIA,1950,17.5,42
PENNSYLVANIA,1951,17,42
PENNSYLVANIA,1952,19,42
PENNSYLVANIA,1953,17,42
PENNSYLVANIA,1954,16,42
PENNSYLVANIA,1955,20,42
PENNSYLVANIA,1956,18.5,42
PENNSYLVANIA,1957,13,42
PENNSYLVANIA,1958,22,42
PENNSYLVANIA,1959,23.5,42
PENNSYLVANIA,1960,23,42
PENNSYLVANIA,1961,23,42
PENNSYLVANIA,1962,21,42
PENNSYLVANIA,1963,18,42
PENNSYLVANIA,1964,17,42
PENNSYLVANIA,1965,24,42
PENNSYLVANIA,1966,19,42
PENNSYLVANIA,1967,27,42
PENNSYLVANIA,1968,24,42
PENNSYLVANIA,1969,30,42
PENNSYLVANIA,1970,32,42
PENNSYLVANIA,1971,29,42
PENNSYLVANIA,1972,25,42
PENNSYLVANIA,1973,26,42
PENNSYLVANIA,1974,27,42
PENNSYLVANIA,1975,28,42
PENNSYLVANIA,1976,29,42
PENNSYLVANIA,1977,31,42
PENNSYLVANIA,1978,31.5,42
PENNSYLVANIA,1979,32,42
PENNSYLVANIA,1980,24.5,42
PENNSYLVANIA,1981,31,42
PENNSYLVANIA,1982,31,42
PENNSYLVANIA,1983,24,42
PENNSYLVANIA,1984,35,42
PENNSYLVANIA,1985,35,42
PENNSYLVANIA,1986,35,42
PENNSYLVANIA,1987,34,42
PENNSYLVANIA,1988,32,42
PENNSYLVANIA,1989,34,42
PENNSYLVANIA,1990,41,42
PENNSYLVANIA,1991,33,42
PENNSYLVANIA,1992,39,42
PENNSYLVANIA,1993,39,42
PENNSYLVANIA,1994,42,42
PENNSYLVANIA,1995,30,42
PENNSYLVANIA,1996,40,42
PENNSYLVANIA,1997,37,42
PENNSYLVANIA,1998,40,42
PENNSYLVANIA,1999,29,42
PENNSYLVANIA,2000,43,42
PENNSYLVANIA,2001,35,42
PENNSYLVANIA,2002,26,42
PENNSYLVANIA,2003,41,42
PENNSYLVANIA,2004,46,42
PENNSYLVANIA,2005,41,42
PENNSYLVANIA,2006,40,42
PENNSYLVANIA,2007,41,42
PENNSYLVANIA,2008,40,42
PENNSYLVANIA,2009,46,42
PENNSYLVANIA,2010,42,42
PENNSYLVANIA,2011,44,42
PENNSYLVANIA,2012,48,42
PENNSYLVANIA,2013,49,42
PENNSYLVANIA,2014,49,42
PENNSYLVANIA,2015,44,42
PENNSYLVANIA,2016,44,42
PENNSYLVANIA,2017,48,42
PENNSYLVANIA,2018,44.5,42
PENNSYLVANIA,2019,49,42
PENNSYLVANIA,2020,46,42
PENNSYLVANIA,2021,53,42
PENNSYLVANIA,2022,43,42
PENNSYLVANIA,2023,47,42
SOUTH CAROLINA,1924,7,45
SOUTH CAROLINA,1925,5.5,45
SOUTH CAROLINA,1926,5,45
SOUTH CAROLINA,1927,6,45
SOUTH CAROLINA,1928,9,45
SOUTH CAROLINA,1929,7,45
SOUTH CAROLINA,1930,6.5,45
SOUTH CAROLINA,1931,5.5,45
SOUTH CAROLINA,1932,7,45
SOUTH CAROLINA,1933,6.5,45
SOUTH CAROLINA,1934,6,45
SOUTH CAROLINA,1935,7,45
SOUTH CAROLINA,1936,6.5,45
SOUTH CAROLINA,1937,6.5,45
SOUTH CAROLINA,1938,6.5,45
SOUTH CAROLINA,1939,6.7,45
SOUTH CAROLINA,1940,6.5,45
SOUTH CAROLINA,1941,7.5,45
SOUTH CAROLINA,1942,8,45
SOUTH CAROLINA,1943,6.5,45
SOUTH CAROLINA,1944,7,45
SOUTH CAROLINA,1945,7,45
SOUTH CAROLINA,1946,10,45
SOUTH CAROLINA,1947,10,45
SOUTH CAROLINA,1948,10,45
SOUTH CAROLINA,1949,13.5,45
SOUTH CAROLINA,1950,12,45
SOUTH CAROLINA,1951,12.5,45
SOUTH CAROLINA,1952,11.5,45
SOUTH CAROLINA,1953,11,45
SOUTH CAROLINA,1954,6.5,45
SOUTH CAROLINA,1955,15,45
SOUTH CAROLINA,1956,11,45
SOUTH CAROLINA,1957,17.5,45
SOUTH CAROLINA,1958,16.5,45
SOUTH CAROLINA,1959,17.5,45
SOUTH CAROLINA,1960,19,45
SOUTH CAROLINA,1961,19.5,45
SOUTH CAROLINA,1962,18.5,45
SOUTH CAROLINA,1963,17,45
SOUTH CAROLINA,1964,21.5,45
SOUTH CAROLINA,1965,21,45
SOUTH CAROLINA,1966,22,45
SOUTH CAROLINA,1967,22.5,45
SOUTH CAROLINA,1968,13,45
SOUTH CAROLINA,1969,22.5,45
SOUTH CAROLINA,1970,20,45
SOUTH CAROLINA,1971,21.5,45
SOUTH CAROLINA,1972,18.5,45
SOUTH CAROLINA,1973,19,45
SOUTH CAROLINA,1974,20,45
SOUTH CAROLINA,1975,22,45
SOUTH CAROLINA,1976,18,45
SOUTH CAROLINA,1977,20.5,45
SOUTH CAROLINA,1978,22,45
SOUTH CAROLINA,1979,24,45
SOUTH CAROLINA,1980,13,45
SOUTH CAROLINA,1981,20,45
SOUTH CAROLINA,1982,22,45
SOUTH CAROLINA,1983,16.5,45
SOUTH CAROLINA,1984,20,45
SOUTH CAROLINA,1985,20,45
SOUTH CAROLINA,1986,16.5,45
SOUTH CAROLINA,1987,22,45
SOUTH CAROLINA,1988,23.5,45
SOUTH CAROLINA,1989,21,45
SOUTH CAROLINA,1990,18.5,45
SOUTH CAROLINA,1991,22,45
SOUTH CAROLINA,1992,22,45
SOUTH CAROLINA,1993,15,45
SOUTH CAROLINA,1994,27,45
SOUTH CAROLINA,1995,24,45
SOUTH CAROLINA,1996,25,45
SOUTH CAROLINA,1997,22.5,45
SOUTH CAROLINA,1998,21,45
SOUTH CAROLINA,1999,20,45
SOUTH CAROLINA,2000,25,45
SOUTH CAROLINA,2001,21,45
SOUTH CAROLINA,2002,17,45
SOUTH CAROLINA,2003,28,45
SOUTH CAROLINA,2004,27,45
SOUTH CAROLINA,2005,20.5,45
SOUTH CAROLINA,2006,29,45
SOUTH CAROLINA,2007,18.5,45
SOUTH CAROLINA,2008,32,45
SOUTH CAROLINA,2009,24.5,45
SOUTH CAROLINA,2010,23,45
SOUTH CAROLINA,2011,25.5,45
SOUTH CAROLINA,2012,34,45
SOUTH CAROLINA,2013,28.5,45
SOUTH CAROLINA,2014,35,45
SOUTH CAROLINA,2015,26.5,45
SOUTH CAROLINA,2016,31,45
SOUTH CAROLINA,2017,38,45
SOUTH CAROLINA,2018,29,45
SOUTH CAROLINA,2019,26,45
SOUTH CAROLINA,2020,35,45
SOUTH CAROLINA,2021,38,45
SOUTH CAROLINA,2022,37,45
SOUTH CAROLINA,2023,39,45
SOUTH DAKOTA,1940,12,46
SOUTH DAKOTA,1941,12,46
SOUTH DAKOTA,1942,16,46
SOUTH DAKOTA,1943,12,46
SOUTH DAKOTA,1944,17,46
SOUTH DAKOTA,1945,14,46
SOUTH DAKOTA,1946,14.5,46
SOUTH DAKOTA,1947,11.5,46
SOUTH DAKOTA,1948,18,46
SOUTH DAKOTA,1949,13,46
SOUTH DAKOTA,1950,12.5,46
SOUTH DAKOTA,1951,14.5,46
SOUTH DAKOTA,1952,15,46
SOUTH DAKOTA,1953,19,46
SOUTH DAKOTA,1954,18,46
SOUTH DAKOTA,1955,11.5,46
SOUTH DAKOTA,1956,11.5,46
SOUTH DAKOTA,1957,16.5,46
SOUTH DAKOTA,1958,11.5,46
SOUTH DAKOTA,1959,12,46
SOUTH DAKOTA,1960,17,46
SOUTH DAKOTA,1961,18,46
SOUTH DAKOTA,1962,20.5,46
SOUTH DAKOTA,1963,24,46
SOUTH DAKOTA,1964,16.5,46
SOUTH DAKOTA,1965,17,46
SOUTH DAKOTA,1966,20,46
SOUTH DAKOTA,1967,16.5,46
SOUTH DAKOTA,1968,17.5,46
SOUTH DAKOTA,1969,24,46
SOUTH DAKOTA,1970,17.5,46
SOUTH DAKOTA,1971,21,46
SOUTH DAKOTA,1972,27.2,46
SOUTH DAKOTA,1972,28,46
SOUTH DAKOTA,1973,23.8,46
SOUTH DAKOTA,1973,24,46
SOUTH DAKOTA,1974,19.9,46
SOUTH DAKOTA,1974,20,46
SOUTH DAKOTA,1975,24.8,46
SOUTH DAKOTA,1975,25,46
SOUTH DAKOTA,1976,16.5,46
SOUTH DAKOTA,1976,17,46
SOUTH DAKOTA,1977,30.5,46
SOUTH DAKOTA,1978,29.7,46
SOUTH DAKOTA,1978,30.5,46
SOUTH DAKOTA,1979,32.3,46
SOUTH DAKOTA,1979,33,46
SOUTH DAKOTA,1980,26,46
SOUTH DAKOTA,1981,29,46
SOUTH DAKOTA,1982,30.5,46
SOUTH DAKOTA,1983,26.5,46
SOUTH DAKOTA,1984,23,46
SOUTH DAKOTA,1985,32,46
SOUTH DAKOTA,1986,30.5,46
SOUTH DAKOTA,1987,32.5,46
SOUTH DAKOTA,1988,24,46
SOUTH DAKOTA,1989,26,46
SOUTH DAKOTA,1990,28,46
SOUTH DAKOTA,1991,27,46
SOUTH DAKOTA,1992,28,46
SOUTH DAKOTA,1993,22,46
SOUTH DAKOTA,1994,38,46
SOUTH DAKOTA,1995,30,46
SOUTH DAKOTA,1996,34,46
SOUTH DAKOTA,1997,35,46
SOUTH DAKOTA,1998,39,46
SOUTH DAKOTA,1999,36,46
SOUTH DAKOTA,2000,35,46
SOUTH DAKOTA,2001,32,46
SOUTH DAKOTA,2002,31,46
SOUTH DAKOTA,2003,27.5,46
SOUTH DAKOTA,2004,34,46
SOUTH DAKOTA,2005,35,46
SOUTH DAKOTA,2006,34,46
SOUTH DAKOTA,2007,42,46
SOUTH DAKOTA,2008,34,46
SOUTH DAKOTA,2009,42,46
SOUTH DAKOTA,2010,38,46
SOUTH DAKOTA,2011,37,46
SOUTH DAKOTA,2012,30.5,46
SOUTH DAKOTA,2013,40.5,46
SOUTH DAKOTA,2014,45,46
SOUTH DAKOTA,2015,46,46
SOUTH DAKOTA,2016,49.5,46
SOUTH DAKOTA,2017,43,46
SOUTH DAKOTA,2018,45,46
SOUTH DAKOTA,2019,42.5,46
SOUTH DAKOTA,2020,46,46
SOUTH DAKOTA,2021,40,46
SOUTH DAKOTA,2022,38,46
SOUTH DAKOTA,2023,44,46
TENNESSEE,1924,8.5,47
TENNESSEE,1925,7.5,47
TENNESSEE,1926,8.3,47
TENNESSEE,1927,8,47
TENNESSEE,1928,8,47
TENNESSEE,1929,7.5,47
TENNESSEE,1930,7.5,47
TENNESSEE,1931,7.5,47
TENNESSEE,1932,7,47
TENNESSEE,1933,7.5,47
TENNESSEE,1934,7.6,47
TENNESSEE,1935,6.5,47
TENNESSEE,1936,7,47
TENNESSEE,1937,7.5,47
TENNESSEE,1938,8,47
TENNESSEE,1939,8.3,47
TENNESSEE,1940,8.5,47
TENNESSEE,1941,9.5,47
TENNESSEE,1942,12,47
TENNESSEE,1943,13.5,47
TENNESSEE,1944,15,47
TENNESSEE,1945,14.5,47
TENNESSEE,1946,18,47
TENNESSEE,1947,15.5,47
TENNESSEE,1948,20,47
TENNESSEE,1949,20.2,47
TENNESSEE,1950,21,47
TENNESSEE,1951,17.5,47
TENNESSEE,1952,20,47
TENNESSEE,1953,14.5,47
TENNESSEE,1954,13.5,47
TENNESSEE,1955,18,47
TENNESSEE,1956,16.5,47
TENNESSEE,1957,22.5,47
TENNESSEE,1958,23.5,47
TENNESSEE,1959,23,47
TENNESSEE,1960,22.5,47
TENNESSEE,1961,22,47
TENNESSEE,1962,22.5,47
TENNESSEE,1963,21,47
TENNESSEE,1964,23,47
TENNESSEE,1965,23.5,47
TENNESSEE,1966,24.5,47
TENNESSEE,1967,25,47
TENNESSEE,1968,21,47
TENNESSEE,1969,24,47
TENNESSEE,1970,23,47
TENNESSEE,1971,26,47
TENNESSEE,1972,22,47
TENNESSEE,1973,23.5,47
TENNESSEE,1974,21,47
TENNESSEE,1975,25,47
TENNESSEE,1976,22.5,47
TENNESSEE,1977,23.5,47
TENNESSEE,1978,23.5,47
TENNESSEE,1979,27,47
TENNESSEE,1980,18,47
TENNESSEE,1981,25,47
TENNESSEE,1982,26.5,47
TENNESSEE,1983,16,47
TENNESSEE,1984,26,47
TENNESSEE,1985,31,47
TENNESSEE,1986,25,47
TENNESSEE,1987,23,47
TENNESSEE,1988,26,47
TENNESSEE,1989,24,47
TENNESSEE,1990,27,47
TENNESSEE,1991,30,47
TENNESSEE,1992,35,47
TENNESSEE,1993,31,47
TENNESSEE,1994,36.5,47
TENNESSEE,1995,32,47
TENNESSEE,1996,35,47
TENNESSEE,1997,34,47
TENNESSEE,1998,29,47
TENNESSEE,1999,19,47
TENNESSEE,2000,25,47
TENNESSEE,2001,34,47
TENNESSEE,2002,31,47
TENNESSEE,2003,42,47
TENNESSEE,2004,41,47
TENNESSEE,2005,38,47
TENNESSEE,2006,39,47
TENNESSEE,2007,19,47
TENNESSEE,2008,34,47
TENNESSEE,2009,45,47
TENNESSEE,2010,31,47
TENNESSEE,2011,32,47
TENNESSEE,2012,38,47
TENNESSEE,2013,46.5,47
TENNESSEE,2014,46,47
TENNESSEE,2015,46,47
TENNESSEE,2016,45,47
TENNESSEE,2017,50,47
TENNESSEE,2018,45.5,47
TENNESSEE,2019,47,47
TENNESSEE,2020,50,47
TENNESSEE,2021,50,47
TENNESSEE,2022,48,47
TENNESSEE,2023,51,47
TEXAS,1934,8.5,48
TEXAS,1935,10,48
TEXAS,1936,8,48
TEXAS,1937,9,48
TEXAS,1938,6,48
TEXAS,1939,6.5,48
TEXAS,1940,9.5,48
TEXAS,1941,11,48
TEXAS,1942,9,48
TEXAS,1943,7.5,48
TEXAS,1944,8,48
TEXAS,1954,13.5,48
TEXAS,1955,13,48
TEXAS,1956,22,48
TEXAS,1957,27,48
TEXAS,1958,26,48
TEXAS,1959,27,48
TEXAS,1960,27,48
TEXAS,1961,26,48
TEXAS,1962,27,48
TEXAS,1963,29,48
TEXAS,1964,26,48
TEXAS,1965,26,48
TEXAS,1966,27,48
TEXAS,1967,26,48
TEXAS,1968,27,48
TEXAS,1969,28,48
TEXAS,1970,28,48
TEXAS,1971,27,48
TEXAS,1972,26,48
TEXAS,1973,20,48
TEXAS,1974,27,48
TEXAS,1975,25,48
TEXAS,1976,26,48
TEXAS,1977,26.5,48
TEXAS,1978,26.5,48
TEXAS,1979,26,48
TEXAS,1980,22,48
TEXAS,1981,22,48
TEXAS,1982,25,48
TEXAS,1983,22.5,48
TEXAS,1984,27.1,48
TEXAS,1984,29,48
TEXAS,1984,39.7,48
TEXAS,1985,25,48
TEXAS,1985,19,48
TEXAS,1985,40.6,48
TEXAS,1986,36.9,48
TEXAS,1986,17.3,48
TEXAS,1986,23,48
TEXAS,1987,42.9,48
TEXAS,1987,28,48
TEXAS,1987,22.2,48
TEXAS,1988,28,48
TEXAS,1988,22.1,48
TEXAS,1988,39.2,48
TEXAS,1989,30,48
TEXAS,1989,34.9,48
TEXAS,1989,25.2,48
TEXAS,1990,22.3,48
TEXAS,1990,25,48
TEXAS,1990,37,48
TEXAS,1991,31,48
TEXAS,1991,44.1,48
TEXAS,1991,27.7,48
TEXAS,1992,36.6,48
TEXAS,1992,27.6,48
TEXAS,1992,33,48
TEXAS,1993,17.2,48
TEXAS,1993,19,48
TEXAS,1993,31.5,48
TEXAS,1994,33.5,48
TEXAS,1994,41.1,48
TEXAS,1994,32.5,48
TEXAS,1995,25,48
TEXAS,1995,23.5,48
TEXAS,1995,33.6,48
TEXAS,1996,26,48
TEXAS,1996,25.1,48
TEXAS,1996,31.9,48
TEXAS,1997,35.6,48
TEXAS,1997,28,48
TEXAS,1997,25.9,48
TEXAS,1998,22,48
TEXAS,1998,34.7,48
TEXAS,1998,16.3,48
TEXAS,1999,27,48
TEXAS,1999,21.9,48
TEXAS,1999,35.8,48
TEXAS,2000,22.9,48
TEXAS,2000,27,48
TEXAS,2000,34.8,48
TEXAS,2001,23.2,48
TEXAS,2001,38.5,48
TEXAS,2001,26,48
TEXAS,2002,28,48
TEXAS,2002,22.8,48
TEXAS,2002,40.9,48
TEXAS,2003,34.3,48
TEXAS,2003,29,48
TEXAS,2003,25.8,48
TEXAS,2004,29.5,48
TEXAS,2004,32,48
TEXAS,2004,42,48
TEXAS,2005,45.7,48
TEXAS,2005,21.9,48
TEXAS,2005,26,48
TEXAS,2006,24,48
TEXAS,2006,43,48
TEXAS,2006,21,48
TEXAS,2007,35,48
TEXAS,2007,37.5,48
TEXAS,2007,45,48
TEXAS,2008,38.5,48
TEXAS,2008,24.5,48
TEXAS,2008,20.5,48
TEXAS,2009,23,48
TEXAS,2009,23,48
TEXAS,2009,25.5,48
TEXAS,2010,30,48
TEXAS,2011,19,48
TEXAS,2012,26,48
TEXAS,2013,25.5,48
TEXAS,2014,38.5,48
TEXAS,2015,26,48
TEXAS,2016,31,48
TEXAS,2017,37,48
TEXAS,2018,31.5,48
TEXAS,2019,28,48
TEXAS,2020,34,48
TEXAS,2021,38,48
TEXAS,2022,20,48
TEXAS,2023,25,48
VIRGINIA,1924,13,51
VIRGINIA,1925,11,51
VIRGINIA,1926,14,51
VIRGINIA,1927,14.5,51
VIRGINIA,1928,13,51
VIRGINIA,1929,13,51
VIRGINIA,1930,7,51
VIRGINIA,1931,14,51
VIRGINIA,1932,9.5,51
VIRGINIA,1933,12.5,51
VIRGINIA,1934,13.5,51
VIRGINIA,1935,14,51
VIRGINIA,1936,11,51
VIRGINIA,1937,13.5,51
VIRGINIA,1938,12.5,51
VIRGINIA,1939,15,51
VIRGINIA,1940,15.5,51
VIRGINIA,1941,12.5,51
VIRGINIA,1942,15.5,51
VIRGINIA,1943,11,51
VIRGINIA,1944,15,51
VIRGINIA,1945,16,51
VIRGINIA,1946,16.5,51
VIRGINIA,1947,15,51
VIRGINIA,1948,16.5,51
VIRGINIA,1949,18.5,51
VIRGINIA,1950,19,51
VIRGINIA,1951,18,51
VIRGINIA,1952,17,51
VIRGINIA,1953,15,51
VIRGINIA,1954,14,51
VIRGINIA,1955,20,51
VIRGINIA,1956,21.5,51
VIRGINIA,1957,18,51
VIRGINIA,1958,22.5,51
VIRGINIA,1959,20.5,51
VIRGINIA,1960,22.5,51
VIRGINIA,1961,20.5,51
VIRGINIA,1962,20.5,51
VIRGINIA,1963,14,51
VIRGINIA,1964,20,51
VIRGINIA,1965,20.5,51
VIRGINIA,1966,18.5,51
VIRGINIA,1967,21.5,51
VIRGINIA,1968,19,51
VIRGINIA,1969,26,51
VIRGINIA,1970,20,51
VIRGINIA,1971,24,51
VIRGINIA,1972,23,51
VIRGINIA,1973,27,51
VIRGINIA,1974,24,51
VIRGINIA,1975,25,51
VIRGINIA,1976,20.5,51
VIRGINIA,1977,19,51
VIRGINIA,1978,28,51
VIRGINIA,1979,28.5,51
VIRGINIA,1980,15,51
VIRGINIA,1981,28,51
VIRGINIA,1982,29,51
VIRGINIA,1983,16,51
VIRGINIA,1984,29.5,51
VIRGINIA,1985,25,51
VIRGINIA,1986,24,51
VIRGINIA,1987,22,51
VIRGINIA,1988,28,51
VIRGINIA,1989,32,51
VIRGINIA,1990,32,51
VIRGINIA,1991,29,51
VIRGINIA,1992,31,51
VIRGINIA,1993,22,51
VIRGINIA,1994,32,51
VIRGINIA,1995,24,51
VIRGINIA,1996,34,51
VIRGINIA,1997,23,51
VIRGINIA,1998,23,51
VIRGINIA,1999,27,51
VIRGINIA,2000,38.5,51
VIRGINIA,2001,35.5,51
VIRGINIA,2002,23,51
VIRGINIA,2003,34,51
VIRGINIA,2004,39,51
VIRGINIA,2005,30.5,51
VIRGINIA,2006,31,51
VIRGINIA,2007,27.5,51
VIRGINIA,2008,32,51
VIRGINIA,2009,37,51
VIRGINIA,2010,26,51
VIRGINIA,2011,40,51
VIRGINIA,2012,42,51
VIRGINIA,2013,38.5,51
VIRGINIA,2014,39.5,51
VIRGINIA,2015,34.5,51
VIRGINIA,2016,36,51
VIRGINIA,2017,44,51
VIRGINIA,2018,42,51
VIRGINIA,2019,34,51
VIRGINIA,2020,42,51
VIRGINIA,2021,46,51
VIRGINIA,2022,41,51
VIRGINIA,2023,38,51
WEST VIRGINIA,1924,14,54
WEST VIRGINIA,1925,13,54
WEST VIRGINIA,1926,13,54
WEST VIRGINIA,1927,14,54
WEST VIRGINIA,1928,11,54
WEST VIRGINIA,1929,12,54
WEST VIRGINIA,1930,7.5,54
WEST VIRGINIA,1931,12,54
WEST VIRGINIA,1932,14,54
WEST VIRGINIA,1933,12,54
WEST VIRGINIA,1934,13,54
WEST VIRGINIA,1935,10.5,54
WEST VIRGINIA,1936,11,54
WEST VIRGINIA,1937,12.5,54
WEST VIRGINIA,1938,12,54
WEST VIRGINIA,1939,12,54
WEST VIRGINIA,1940,13,54
WEST VIRGINIA,1941,13,54
WEST VIRGINIA,1942,12.5,54
WEST VIRGINIA,1943,13,54
WEST VIRGINIA,1944,11.5,54
WEST VIRGINIA,1945,13.5,54
WEST VIRGINIA,1946,15,54
WEST VIRGINIA,1947,16,54
WEST VIRGINIA,1948,15,54
WEST VIRGINIA,1949,16.5,54
WEST VIRGINIA,1950,15,54
WEST VIRGINIA,1951,14.5,54
WEST VIRGINIA,1952,15,54
WEST VIRGINIA,2000,47,54
WEST VIRGINIA,2001,42,54
WEST VIRGINIA,2002,37,54
WEST VIRGINIA,2003,41,54
WEST VIRGINIA,2004,46,54
WEST VIRGINIA,2005,35,54
WEST VIRGINIA,2006,42,54
WEST VIRGINIA,2007,33,54
WEST VIRGINIA,2008,41,54
WEST VIRGINIA,2009,41,54
WEST VIRGINIA,2010,30,54
WEST VIRGINIA,2011,43,54
WEST VIRGINIA,2012,49,54
WEST VIRGINIA,2013,46.5,54
WEST VIRGINIA,2014,51,54
WEST VIRGINIA,2015,48,54
WEST VIRGINIA,2016,51,54
WEST VIRGINIA,2017,54,54
WEST VIRGINIA,2018,53,54
WISCONSIN,1924,9,55
WISCONSIN,1925,9,55
WISCONSIN,1926,11,55
WISCONSIN,1927,10,55
WISCONSIN,1928,12.5,55
WISCONSIN,1929,11,55
WISCONSIN,1930,11.5,55
WISCONSIN,1931,10,55
WISCONSIN,1932,12,55
WISCONSIN,1933,11.5,55
WISCONSIN,1934,12,55
WISCONSIN,1935,13,55
WISCONSIN,1936,10,55
WISCONSIN,1937,13,55
WISCONSIN,1938,16,55
WISCONSIN,1939,16,55
WISCONSIN,1940,17.5,55
WISCONSIN,1941,15,55
WISCONSIN,1942,13,55
WISCONSIN,1943,14.5,55
WISCONSIN,1944,12.8,55
WISCONSIN,1945,13,55
WISCONSIN,1946,12.5,55
WISCONSIN,1947,12,55
WISCONSIN,1948,13,55
WISCONSIN,1949,15,55
WISCONSIN,1950,15,55
WISCONSIN,1951,14.5,55
WISCONSIN,1952,16,55
WISCONSIN,1953,14.5,55
WISCONSIN,1954,15,55
WISCONSIN,1955,12.5,55
WISCONSIN,1956,15.5,55
WISCONSIN,1957,17,55
WISCONSIN,1958,14.5,55
WISCONSIN,1959,19.5,55
WISCONSIN,1960,17,55
WISCONSIN,1961,18.5,55
WISCONSIN,1962,18,55
WISCONSIN,1963,18,55
WISCONSIN,1964,16.5,55
WISCONSIN,1965,19,55
WISCONSIN,1966,20,55
WISCONSIN,1967,19,55
WISCONSIN,1968,24,55
WISCONSIN,1969,21.5,55
WISCONSIN,1970,24,55
WISCONSIN,1971,23.5,55
WISCONSIN,1972,25.4,55
WISCONSIN,1972,28,55
WISCONSIN,1973,24.5,55
WISCONSIN,1973,25,55
WISCONSIN,1974,18.9,55
WISCONSIN,1974,20,55
WISCONSIN,1975,24.4,55
WISCONSIN,1975,25.5,55
WISCONSIN,1976,22,55
WISCONSIN,1976,20.9,55
WISCONSIN,1977,35,55
WISCONSIN,1977,33.6,55
WISCONSIN,1978,31.3,55
WISCONSIN,1978,32,55
WISCONSIN,1979,34,55
WISCONSIN,1980,33,55
WISCONSIN,1981,33,55
WISCONSIN,1982,31,55
WISCONSIN,1983,35,55
WISCONSIN,1984,31,55
WISCONSIN,1985,32,55
WISCONSIN,1986,34.9,55
WISCONSIN,1986,36,55
WISCONSIN,1987,36.8,55
WISCONSIN,1987,38,55
WISCONSIN,1988,23,55
WISCONSIN,1989,37,55
WISCONSIN,1990,40.1,55
WISCONSIN,1990,41,55
WISCONSIN,1991,42,55
WISCONSIN,1992,32,55
WISCONSIN,1993,35,55
WISCONSIN,1994,43.5,55
WISCONSIN,1995,43,55
WISCONSIN,1996,37,55
WISCONSIN,1997,44,55
WISCONSIN,1998,47,55
WISCONSIN,1999,46,55
WISCONSIN,2000,40,55
WISCONSIN,2001,37,55
WISCONSIN,2002,44,55
WISCONSIN,2003,28,55
WISCONSIN,2004,34.5,55
WISCONSIN,2005,44,55
WISCONSIN,2006,44,55
WISCONSIN,2007,40.5,55
WISCONSIN,2008,35,55
WISCONSIN,2009,40,55
WISCONSIN,2010,50.5,55
WISCONSIN,2011,47,55
WISCONSIN,2012,42,55
WISCONSIN,2013,39,55
WISCONSIN,2014,44,55
WISCONSIN,2015,49.5,55
WISCONSIN,2016,55,55
WISCONSIN,2017,47.5,55
WISCONSIN,2018,48,55
WISCONSIN,2019,47,55
WISCONSIN,2020,52,55
WISCONSIN,2021,55,55
WISCONSIN,2022,54,55
WISCONSIN,2023,51,55
